node_id,node_type,parent_id,level,wbs_code,name,discipline,area,activity_type,planned_start,planned_finish,planned_duration_days,planned_qty,qty_unit,predecessors,actual_start,actual_finish
CGS-EXP-01,wbs,,1,CGS-EXP-01,Crude Oil Gathering Station Expansion (synthetic),,,,2026-07-10,2026-10-21,104,,,,,
CGS-EXP-01.A1,wbs,CGS-EXP-01,2,CGS-EXP-01.A1,A1 – Inlet Manifold & Separation,,A1,,2026-07-22,2026-10-15,86,,,,,
CGS-EXP-01.A1.CIV,wbs,CGS-EXP-01.A1,3,CGS-EXP-01.A1.CIV,Civil & Structural – A1,civil,A1,,2026-07-22,2026-09-20,61,,,,,
CGS-EXP-01.A1.CIV.K301,wbs,CGS-EXP-01.A1.CIV,4,CGS-EXP-01.A1.CIV.K301,Foundation K-301 (gas compressor),civil,A1,,2026-08-01,2026-08-21,21,,,,,
CIV-A1-K301-EXC,activity,CGS-EXP-01.A1.CIV.K301,5,CGS-EXP-01.A1.CIV.K301,Excavation for foundation K-301,civil,A1,Excavation,2026-08-01,2026-08-03,3,,,,2026-08-05,2026-08-07
CIV-A1-K301-PCC,activity,CGS-EXP-01.A1.CIV.K301,5,CGS-EXP-01.A1.CIV.K301,PCC for foundation K-301,civil,A1,PCC,2026-08-04,2026-08-04,1,,,CIV-A1-K301-EXC:FS+0,2026-08-08,2026-08-08
CIV-A1-K301-REB,activity,CGS-EXP-01.A1.CIV.K301,5,CGS-EXP-01.A1.CIV.K301,Reinforcement & shuttering foundation K-301,civil,A1,Reinforcement,2026-08-06,2026-08-09,4,,,CIV-A1-K301-PCC:FS+1,2026-08-11,2026-08-14
CIV-A1-K301-RCC,activity,CGS-EXP-01.A1.CIV.K301,5,CGS-EXP-01.A1.CIV.K301,RCC concreting foundation K-301,civil,A1,Concreting,2026-08-10,2026-08-11,2,26,cum,CIV-A1-K301-REB:FS+0,2026-08-15,2026-08-17
CIV-A1-K301-BKF,activity,CGS-EXP-01.A1.CIV.K301,5,CGS-EXP-01.A1.CIV.K301,Backfilling around foundation K-301,civil,A1,Backfilling,2026-08-19,2026-08-21,3,,,CIV-A1-K301-RCC:FS+7,2026-08-25,2026-08-28
CGS-EXP-01.A1.CIV.V101,wbs,CGS-EXP-01.A1.CIV,4,CGS-EXP-01.A1.CIV.V101,Foundation V-101 (inlet separator),civil,A1,,2026-08-31,2026-09-20,21,,,,,
CIV-A1-V101-EXC,activity,CGS-EXP-01.A1.CIV.V101,5,CGS-EXP-01.A1.CIV.V101,Excavation for foundation V-101,civil,A1,Excavation,2026-08-31,2026-09-02,3,,,,,
CIV-A1-V101-PCC,activity,CGS-EXP-01.A1.CIV.V101,5,CGS-EXP-01.A1.CIV.V101,PCC for foundation V-101,civil,A1,PCC,2026-09-03,2026-09-03,1,,,CIV-A1-V101-EXC:FS+0,,
CIV-A1-V101-REB,activity,CGS-EXP-01.A1.CIV.V101,5,CGS-EXP-01.A1.CIV.V101,Reinforcement & shuttering foundation V-101,civil,A1,Reinforcement,2026-09-05,2026-09-08,4,,,CIV-A1-V101-PCC:FS+1,,
CIV-A1-V101-RCC,activity,CGS-EXP-01.A1.CIV.V101,5,CGS-EXP-01.A1.CIV.V101,RCC concreting foundation V-101,civil,A1,Concreting,2026-09-09,2026-09-10,2,58,cum,CIV-A1-V101-REB:FS+0,,
CIV-A1-V101-BKF,activity,CGS-EXP-01.A1.CIV.V101,5,CGS-EXP-01.A1.CIV.V101,Backfilling around foundation V-101,civil,A1,Backfilling,2026-09-18,2026-09-20,3,,,CIV-A1-V101-RCC:FS+7,,
CGS-EXP-01.A1.CIV.V102,wbs,CGS-EXP-01.A1.CIV,4,CGS-EXP-01.A1.CIV.V102,Foundation V-102 (test separator),civil,A1,,2026-08-17,2026-09-06,21,,,,,
CIV-A1-V102-EXC,activity,CGS-EXP-01.A1.CIV.V102,5,CGS-EXP-01.A1.CIV.V102,Excavation for foundation V-102,civil,A1,Excavation,2026-08-17,2026-08-19,3,,,,2026-08-18,2026-08-21
CIV-A1-V102-PCC,activity,CGS-EXP-01.A1.CIV.V102,5,CGS-EXP-01.A1.CIV.V102,PCC for foundation V-102,civil,A1,PCC,2026-08-20,2026-08-20,1,,,CIV-A1-V102-EXC:FS+0,2026-08-22,2026-08-22
CIV-A1-V102-REB,activity,CGS-EXP-01.A1.CIV.V102,5,CGS-EXP-01.A1.CIV.V102,Reinforcement & shuttering foundation V-102,civil,A1,Reinforcement,2026-08-22,2026-08-25,4,,,CIV-A1-V102-PCC:FS+1,2026-08-24,2026-08-28
CIV-A1-V102-RCC,activity,CGS-EXP-01.A1.CIV.V102,5,CGS-EXP-01.A1.CIV.V102,RCC concreting foundation V-102,civil,A1,Concreting,2026-08-26,2026-08-27,2,30,cum,CIV-A1-V102-REB:FS+0,2026-08-29,2026-08-31
CIV-A1-V102-BKF,activity,CGS-EXP-01.A1.CIV.V102,5,CGS-EXP-01.A1.CIV.V102,Backfilling around foundation V-102,civil,A1,Backfilling,2026-09-04,2026-09-06,3,,,CIV-A1-V102-RCC:FS+7,,
CGS-EXP-01.A1.CIV.V103,wbs,CGS-EXP-01.A1.CIV,4,CGS-EXP-01.A1.CIV.V103,Foundation V-103 (gas scrubber),civil,A1,,2026-08-24,2026-09-13,21,,,,,
CIV-A1-V103-EXC,activity,CGS-EXP-01.A1.CIV.V103,5,CGS-EXP-01.A1.CIV.V103,Excavation for foundation V-103,civil,A1,Excavation,2026-08-24,2026-08-26,3,,,,2026-08-26,2026-08-29
CIV-A1-V103-PCC,activity,CGS-EXP-01.A1.CIV.V103,5,CGS-EXP-01.A1.CIV.V103,PCC for foundation V-103,civil,A1,PCC,2026-08-27,2026-08-27,1,,,CIV-A1-V103-EXC:FS+0,2026-08-31,2026-08-31
CIV-A1-V103-REB,activity,CGS-EXP-01.A1.CIV.V103,5,CGS-EXP-01.A1.CIV.V103,Reinforcement & shuttering foundation V-103,civil,A1,Reinforcement,2026-08-29,2026-09-01,4,,,CIV-A1-V103-PCC:FS+1,,
CIV-A1-V103-RCC,activity,CGS-EXP-01.A1.CIV.V103,5,CGS-EXP-01.A1.CIV.V103,RCC concreting foundation V-103,civil,A1,Concreting,2026-09-02,2026-09-03,2,58,cum,CIV-A1-V103-REB:FS+0,,
CIV-A1-V103-BKF,activity,CGS-EXP-01.A1.CIV.V103,5,CGS-EXP-01.A1.CIV.V103,Backfilling around foundation V-103,civil,A1,Backfilling,2026-09-11,2026-09-13,3,,,CIV-A1-V103-RCC:FS+7,,
CGS-EXP-01.A1.CIV.PR1,wbs,CGS-EXP-01.A1.CIV,4,CGS-EXP-01.A1.CIV.PR1,Pipe rack PR-1,civil,A1,,2026-07-22,2026-08-20,30,,,,,
CIV-A1-PR1-FTG,activity,CGS-EXP-01.A1.CIV.PR1,5,CGS-EXP-01.A1.CIV.PR1,Excavation & PCC for pipe rack PR-1 footings,civil,A1,Excavation,2026-07-22,2026-07-27,6,,,,2026-07-22,2026-07-28
CIV-A1-PR1-PED,activity,CGS-EXP-01.A1.CIV.PR1,5,CGS-EXP-01.A1.CIV.PR1,RCC footings & pedestals pipe rack PR-1,civil,A1,Concreting,2026-07-29,2026-08-05,8,,,CIV-A1-PR1-FTG:FS+1,2026-07-30,2026-08-08
CIV-A1-PR1-STL,activity,CGS-EXP-01.A1.CIV.PR1,5,CGS-EXP-01.A1.CIV.PR1,Structural steel erection pipe rack PR-1,civil,A1,Steel erection,2026-08-11,2026-08-20,10,,,CIV-A1-PR1-PED:FS+5,2026-08-14,2026-08-24
CGS-EXP-01.A1.PIP,wbs,CGS-EXP-01.A1,3,CGS-EXP-01.A1.PIP,Piping – A1,piping,A1,,2026-08-12,2026-10-14,64,,,,,
CGS-EXP-01.A1.PIP.1101,wbs,CGS-EXP-01.A1.PIP,4,CGS-EXP-01.A1.PIP.1101,"Line 24""-P-1101-A1A",piping,A1,,2026-09-09,2026-10-02,24,,,,,
PIP-A1-1101-ERC,activity,CGS-EXP-01.A1.PIP.1101,5,CGS-EXP-01.A1.PIP.1101,"Erect piping line 24""-P-1101-A1A",piping,A1,Erection,2026-09-09,2026-09-19,11,7,spools,,,
PIP-A1-1101-WLD,activity,CGS-EXP-01.A1.PIP.1101,5,CGS-EXP-01.A1.PIP.1101,"Welding & NDT line 24""-P-1101-A1A",piping,A1,Welding,2026-09-11,2026-09-24,14,,,PIP-A1-1101-ERC:SS+2,,
PIP-A1-1101-HT,activity,CGS-EXP-01.A1.PIP.1101,5,CGS-EXP-01.A1.PIP.1101,"Hydrotest line 24""-P-1101-A1A (TP-011)",piping,A1,Hydrotest,2026-09-28,2026-09-29,2,,,PIP-A1-1101-WLD:FS+3,,
PIP-A1-1101-RST,activity,CGS-EXP-01.A1.PIP.1101,5,CGS-EXP-01.A1.PIP.1101,"Reinstatement line 24""-P-1101-A1A",piping,A1,Reinstatement,2026-10-01,2026-10-02,2,,,PIP-A1-1101-HT:FS+1,,
CGS-EXP-01.A1.PIP.1102,wbs,CGS-EXP-01.A1.PIP,4,CGS-EXP-01.A1.PIP.1102,"Line 18""-P-1102-A1A",piping,A1,,2026-09-21,2026-10-14,24,,,,,
PIP-A1-1102-ERC,activity,CGS-EXP-01.A1.PIP.1102,5,CGS-EXP-01.A1.PIP.1102,"Erect piping line 18""-P-1102-A1A",piping,A1,Erection,2026-09-21,2026-10-01,11,7,spools,,,
PIP-A1-1102-WLD,activity,CGS-EXP-01.A1.PIP.1102,5,CGS-EXP-01.A1.PIP.1102,"Welding & NDT line 18""-P-1102-A1A",piping,A1,Welding,2026-09-23,2026-10-06,14,,,PIP-A1-1102-ERC:SS+2,,
PIP-A1-1102-HT,activity,CGS-EXP-01.A1.PIP.1102,5,CGS-EXP-01.A1.PIP.1102,"Hydrotest line 18""-P-1102-A1A (TP-012)",piping,A1,Hydrotest,2026-10-10,2026-10-11,2,,,PIP-A1-1102-WLD:FS+3,,
PIP-A1-1102-RST,activity,CGS-EXP-01.A1.PIP.1102,5,CGS-EXP-01.A1.PIP.1102,"Reinstatement line 18""-P-1102-A1A",piping,A1,Reinstatement,2026-10-13,2026-10-14,2,,,PIP-A1-1102-HT:FS+1,,
CGS-EXP-01.A1.PIP.1103,wbs,CGS-EXP-01.A1.PIP,4,CGS-EXP-01.A1.PIP.1103,"Line 12""-G-1103-B1A",piping,A1,,2026-09-20,2026-10-14,25,,,,,
PIP-A1-1103-ERC,activity,CGS-EXP-01.A1.PIP.1103,5,CGS-EXP-01.A1.PIP.1103,"Erect piping line 12""-G-1103-B1A",piping,A1,Erection,2026-09-20,2026-10-01,12,8,spools,,,
PIP-A1-1103-WLD,activity,CGS-EXP-01.A1.PIP.1103,5,CGS-EXP-01.A1.PIP.1103,"Welding & NDT line 12""-G-1103-B1A",piping,A1,Welding,2026-09-22,2026-10-06,15,,,PIP-A1-1103-ERC:SS+2,,
PIP-A1-1103-HT,activity,CGS-EXP-01.A1.PIP.1103,5,CGS-EXP-01.A1.PIP.1103,"Hydrotest line 12""-G-1103-B1A (TP-013)",piping,A1,Hydrotest,2026-10-10,2026-10-11,2,,,PIP-A1-1103-WLD:FS+3,,
PIP-A1-1103-RST,activity,CGS-EXP-01.A1.PIP.1103,5,CGS-EXP-01.A1.PIP.1103,"Reinstatement line 12""-G-1103-B1A",piping,A1,Reinstatement,2026-10-13,2026-10-14,2,,,PIP-A1-1103-HT:FS+1,,
CGS-EXP-01.A1.PIP.1104,wbs,CGS-EXP-01.A1.PIP,4,CGS-EXP-01.A1.PIP.1104,"Line 8""-P-1104-A1A",piping,A1,,2026-09-09,2026-10-09,31,,,,,
PIP-A1-1104-ERC,activity,CGS-EXP-01.A1.PIP.1104,5,CGS-EXP-01.A1.PIP.1104,"Erect piping line 8""-P-1104-A1A",piping,A1,Erection,2026-09-09,2026-09-26,18,12,spools,,,
PIP-A1-1104-WLD,activity,CGS-EXP-01.A1.PIP.1104,5,CGS-EXP-01.A1.PIP.1104,"Welding & NDT line 8""-P-1104-A1A",piping,A1,Welding,2026-09-11,2026-10-01,21,,,PIP-A1-1104-ERC:SS+2,,
PIP-A1-1104-HT,activity,CGS-EXP-01.A1.PIP.1104,5,CGS-EXP-01.A1.PIP.1104,"Hydrotest line 8""-P-1104-A1A (TP-014)",piping,A1,Hydrotest,2026-10-05,2026-10-06,2,,,PIP-A1-1104-WLD:FS+3,,
PIP-A1-1104-RST,activity,CGS-EXP-01.A1.PIP.1104,5,CGS-EXP-01.A1.PIP.1104,"Reinstatement line 8""-P-1104-A1A",piping,A1,Reinstatement,2026-10-08,2026-10-09,2,,,PIP-A1-1104-HT:FS+1,,
CGS-EXP-01.A1.PIP.1105,wbs,CGS-EXP-01.A1.PIP,4,CGS-EXP-01.A1.PIP.1105,"Line 6""-W-1105-A1A",piping,A1,,2026-09-01,2026-09-22,22,,,,,
PIP-A1-1105-ERC,activity,CGS-EXP-01.A1.PIP.1105,5,CGS-EXP-01.A1.PIP.1105,"Erect piping line 6""-W-1105-A1A",piping,A1,Erection,2026-09-01,2026-09-09,9,6,spools,,2026-08-31,
PIP-A1-1105-WLD,activity,CGS-EXP-01.A1.PIP.1105,5,CGS-EXP-01.A1.PIP.1105,"Welding & NDT line 6""-W-1105-A1A",piping,A1,Welding,2026-09-03,2026-09-14,12,,,PIP-A1-1105-ERC:SS+2,,
PIP-A1-1105-HT,activity,CGS-EXP-01.A1.PIP.1105,5,CGS-EXP-01.A1.PIP.1105,"Hydrotest line 6""-W-1105-A1A (TP-015)",piping,A1,Hydrotest,2026-09-18,2026-09-19,2,,,PIP-A1-1105-WLD:FS+3,,
PIP-A1-1105-RST,activity,CGS-EXP-01.A1.PIP.1105,5,CGS-EXP-01.A1.PIP.1105,"Reinstatement line 6""-W-1105-A1A",piping,A1,Reinstatement,2026-09-21,2026-09-22,2,,,PIP-A1-1105-HT:FS+1,,
CGS-EXP-01.A1.PIP.PS1,wbs,CGS-EXP-01.A1.PIP,4,CGS-EXP-01.A1.PIP.PS1,Pipe supports PR-1,piping,A1,,2026-08-12,2026-09-04,24,,,,,
PIP-A1-PS1-FAB,activity,CGS-EXP-01.A1.PIP.PS1,5,CGS-EXP-01.A1.PIP.PS1,Fabrication of pipe supports – pipe rack PR-1,piping,A1,Fabrication,2026-08-12,2026-08-21,10,,,,2026-08-12,2026-08-25
PIP-A1-PS1-PSE,activity,CGS-EXP-01.A1.PIP.PS1,5,CGS-EXP-01.A1.PIP.PS1,Erection of pipe supports – pipe rack PR-1,piping,A1,Erection,2026-08-24,2026-09-04,12,,,PIP-A1-PS1-FAB:FS+2,2026-08-28,
CGS-EXP-01.A1.SEQ,wbs,CGS-EXP-01.A1,3,CGS-EXP-01.A1.SEQ,Static Equipment – A1,static_eq,A1,,2026-08-14,2026-10-15,63,,,,,
CGS-EXP-01.A1.SEQ.V101,wbs,CGS-EXP-01.A1.SEQ,4,CGS-EXP-01.A1.SEQ.V101,V-101 Inlet Separator,static_eq,A1,,2026-08-16,2026-10-15,61,,,,,
SEQ-A1-V101-RCV,activity,CGS-EXP-01.A1.SEQ.V101,5,CGS-EXP-01.A1.SEQ.V101,Receipt & inspection V-101,static_eq,A1,Receipt,2026-08-16,2026-08-16,1,,,,2026-08-15,2026-08-15
SEQ-A1-V101-ERC,activity,CGS-EXP-01.A1.SEQ.V101,5,CGS-EXP-01.A1.SEQ.V101,Erection of inlet separator V-101 on foundation,static_eq,A1,Erection,2026-09-21,2026-09-22,2,,,SEQ-A1-V101-RCV:FS+3;CIV-A1-V101-RCC:FS+10,,
SEQ-A1-V101-GRT,activity,CGS-EXP-01.A1.SEQ.V101,5,CGS-EXP-01.A1.SEQ.V101,Alignment & grouting V-101,static_eq,A1,Grouting,2026-09-25,2026-09-27,3,,,SEQ-A1-V101-ERC:FS+2,,
SEQ-A1-V101-INT,activity,CGS-EXP-01.A1.SEQ.V101,5,CGS-EXP-01.A1.SEQ.V101,Installation of internals V-101,static_eq,A1,Internals,2026-10-01,2026-10-06,6,,,SEQ-A1-V101-GRT:FS+3,,
SEQ-A1-V101-BOX,activity,CGS-EXP-01.A1.SEQ.V101,5,CGS-EXP-01.A1.SEQ.V101,Final box-up V-101,static_eq,A1,Box-up,2026-10-15,2026-10-15,1,,,SEQ-A1-V101-INT:FS+8,,
CGS-EXP-01.A1.SEQ.V102,wbs,CGS-EXP-01.A1.SEQ,4,CGS-EXP-01.A1.SEQ.V102,V-102 Test Separator,static_eq,A1,,2026-08-14,2026-10-01,49,,,,,
SEQ-A1-V102-RCV,activity,CGS-EXP-01.A1.SEQ.V102,5,CGS-EXP-01.A1.SEQ.V102,Receipt & inspection V-102,static_eq,A1,Receipt,2026-08-14,2026-08-14,1,,,,2026-08-12,2026-08-12
SEQ-A1-V102-ERC,activity,CGS-EXP-01.A1.SEQ.V102,5,CGS-EXP-01.A1.SEQ.V102,Erection of test separator V-102 on foundation,static_eq,A1,Erection,2026-09-07,2026-09-08,2,,,SEQ-A1-V102-RCV:FS+3;CIV-A1-V102-RCC:FS+10,,
SEQ-A1-V102-GRT,activity,CGS-EXP-01.A1.SEQ.V102,5,CGS-EXP-01.A1.SEQ.V102,Alignment & grouting V-102,static_eq,A1,Grouting,2026-09-11,2026-09-13,3,,,SEQ-A1-V102-ERC:FS+2,,
SEQ-A1-V102-INT,activity,CGS-EXP-01.A1.SEQ.V102,5,CGS-EXP-01.A1.SEQ.V102,Installation of internals V-102,static_eq,A1,Internals,2026-09-17,2026-09-22,6,,,SEQ-A1-V102-GRT:FS+3,,
SEQ-A1-V102-BOX,activity,CGS-EXP-01.A1.SEQ.V102,5,CGS-EXP-01.A1.SEQ.V102,Final box-up V-102,static_eq,A1,Box-up,2026-10-01,2026-10-01,1,,,SEQ-A1-V102-INT:FS+8,,
CGS-EXP-01.A1.SEQ.V103,wbs,CGS-EXP-01.A1.SEQ,4,CGS-EXP-01.A1.SEQ.V103,V-103 Gas Scrubber,static_eq,A1,,2026-08-30,2026-10-08,40,,,,,
SEQ-A1-V103-RCV,activity,CGS-EXP-01.A1.SEQ.V103,5,CGS-EXP-01.A1.SEQ.V103,Receipt & inspection V-103,static_eq,A1,Receipt,2026-08-30,2026-08-30,1,,,,2026-08-31,2026-08-31
SEQ-A1-V103-ERC,activity,CGS-EXP-01.A1.SEQ.V103,5,CGS-EXP-01.A1.SEQ.V103,Erection of gas scrubber V-103 on foundation,static_eq,A1,Erection,2026-09-14,2026-09-15,2,,,SEQ-A1-V103-RCV:FS+3;CIV-A1-V103-RCC:FS+10,,
SEQ-A1-V103-GRT,activity,CGS-EXP-01.A1.SEQ.V103,5,CGS-EXP-01.A1.SEQ.V103,Alignment & grouting V-103,static_eq,A1,Grouting,2026-09-18,2026-09-20,3,,,SEQ-A1-V103-ERC:FS+2,,
SEQ-A1-V103-INT,activity,CGS-EXP-01.A1.SEQ.V103,5,CGS-EXP-01.A1.SEQ.V103,Installation of internals V-103,static_eq,A1,Internals,2026-09-24,2026-09-29,6,,,SEQ-A1-V103-GRT:FS+3,,
SEQ-A1-V103-BOX,activity,CGS-EXP-01.A1.SEQ.V103,5,CGS-EXP-01.A1.SEQ.V103,Final box-up V-103,static_eq,A1,Box-up,2026-10-08,2026-10-08,1,,,SEQ-A1-V103-INT:FS+8,,
CGS-EXP-01.A1.ROT,wbs,CGS-EXP-01.A1,3,CGS-EXP-01.A1.ROT,Rotating Equipment – A1,rotating_eq,A1,,2026-08-22,2026-09-25,35,,,,,
CGS-EXP-01.A1.ROT.K301,wbs,CGS-EXP-01.A1.ROT,4,CGS-EXP-01.A1.ROT.K301,K-301 Gas Compressor Package,rotating_eq,A1,,2026-08-22,2026-09-25,35,,,,,
ROT-A1-K301,summary,CGS-EXP-01.A1.ROT.K301,5,CGS-EXP-01.A1.ROT.K301,Install gas compressor package K-301,rotating_eq,A1,,2026-08-22,2026-09-25,35,,,,,
ROT-A1-K301-SKD,activity,ROT-A1-K301,6,CGS-EXP-01.A1.ROT.K301,Setting of compressor skid K-301,rotating_eq,A1,Erection,2026-08-22,2026-08-23,2,,,CIV-A1-K301-RCC:FS+10,2026-08-28,2026-08-31
ROT-A1-K301-GRT,activity,ROT-A1-K301,6,CGS-EXP-01.A1.ROT.K301,Grouting compressor skid K-301,rotating_eq,A1,Grouting,2026-08-26,2026-08-27,2,,,ROT-A1-K301-SKD:FS+2,,
ROT-A1-K301-LUB,activity,ROT-A1-K301,6,CGS-EXP-01.A1.ROT.K301,Lube oil flushing K-301,rotating_eq,A1,Flushing,2026-09-07,2026-09-13,7,,,ROT-A1-K301-GRT:FS+10,,
ROT-A1-K301-ALN,activity,ROT-A1-K301,6,CGS-EXP-01.A1.ROT.K301,Alignment compressor-driver K-301,rotating_eq,A1,Alignment,2026-09-16,2026-09-18,3,,,ROT-A1-K301-LUB:FS+2,,
ROT-A1-K301-RUN,activity,ROT-A1-K301,6,CGS-EXP-01.A1.ROT.K301,Mechanical run test K-301,rotating_eq,A1,Testing,2026-09-24,2026-09-25,2,,,ROT-A1-K301-ALN:FS+5,,
CGS-EXP-01.A1.ELE,wbs,CGS-EXP-01.A1,3,CGS-EXP-01.A1.ELE,Electrical – A1,electrical,A1,,2026-08-15,2026-10-05,52,,,,,
CGS-EXP-01.A1.ELE.CLVA1,wbs,CGS-EXP-01.A1.ELE,4,CGS-EXP-01.A1.ELE.CLVA1,LV power cables Area-1,electrical,A1,,2026-09-09,2026-10-04,26,,,,,
ELE-A1-CLVA1-CBL,activity,CGS-EXP-01.A1.ELE.CLVA1,5,CGS-EXP-01.A1.ELE.CLVA1,Cable pulling – LV power cables Area-1,electrical,A1,Cable pulling,2026-09-09,2026-09-24,16,1810,m,,,
ELE-A1-CLVA1-TRM,activity,CGS-EXP-01.A1.ELE.CLVA1,5,CGS-EXP-01.A1.ELE.CLVA1,Glanding & termination – LV power cables Area-1,electrical,A1,Termination,2026-09-14,2026-10-04,21,16,cables,ELE-A1-CLVA1-CBL:SS+5,,
CGS-EXP-01.A1.ELE.ERT1,wbs,CGS-EXP-01.A1.ELE,4,CGS-EXP-01.A1.ELE.ERT1,Earthing Area-1,electrical,A1,,2026-09-03,2026-09-14,12,,,,,
ELE-A1-ERT1-ERT,activity,CGS-EXP-01.A1.ELE.ERT1,5,CGS-EXP-01.A1.ELE.ERT1,"Earthing – earth pits & grid, Area-1",electrical,A1,Earthing,2026-09-03,2026-09-14,12,,,,,
CGS-EXP-01.A1.ELE.TRY1,wbs,CGS-EXP-01.A1.ELE,4,CGS-EXP-01.A1.ELE.TRY1,Cable Tray Area-1,electrical,A1,,2026-08-15,2026-08-29,15,,,,,
ELE-A1-TRY1-TRY,activity,CGS-EXP-01.A1.ELE.TRY1,5,CGS-EXP-01.A1.ELE.TRY1,"Cable tray erection, Area-1",electrical,A1,Erection,2026-08-15,2026-08-29,15,,,,2026-08-20,
CGS-EXP-01.A1.ELE.LGT1,wbs,CGS-EXP-01.A1.ELE,4,CGS-EXP-01.A1.ELE.LGT1,Area Lighting Area-1,electrical,A1,,2026-09-26,2026-10-05,10,,,,,
ELE-A1-LGT1-LGT,activity,CGS-EXP-01.A1.ELE.LGT1,5,CGS-EXP-01.A1.ELE.LGT1,"Area lighting poles & fixtures, Area-1",electrical,A1,Installation,2026-09-26,2026-10-05,10,,,,,
CGS-EXP-01.A1.INS,wbs,CGS-EXP-01.A1,3,CGS-EXP-01.A1.INS,Instrumentation – A1,instrumentation,A1,,2026-08-27,2026-10-15,50,,,,,
CGS-EXP-01.A1.INS.FT1101,wbs,CGS-EXP-01.A1.INS,4,CGS-EXP-01.A1.INS.FT1101,FT-1101 Flow Transmitter,instrumentation,A1,,2026-09-13,2026-10-15,33,,,,,
INS-A1-FT1101-INS,activity,CGS-EXP-01.A1.INS.FT1101,5,CGS-EXP-01.A1.INS.FT1101,Installation of flow transmitter FT-1101,instrumentation,A1,Installation,2026-09-13,2026-09-14,2,,,,,
INS-A1-FT1101-TUB,activity,CGS-EXP-01.A1.INS.FT1101,5,CGS-EXP-01.A1.INS.FT1101,Impulse tubing FT-1101,instrumentation,A1,Tubing,2026-09-17,2026-09-19,3,,,INS-A1-FT1101-INS:FS+2,,
INS-A1-FT1101-LCK,activity,CGS-EXP-01.A1.INS.FT1101,5,CGS-EXP-01.A1.INS.FT1101,Loop check FT-1101,instrumentation,A1,Loop check,2026-10-15,2026-10-15,1,,,INS-A1-FT1101-TUB:FS+25,,
CGS-EXP-01.A1.INS.PT1102,wbs,CGS-EXP-01.A1.INS,4,CGS-EXP-01.A1.INS.PT1102,PT-1102 Pressure Transmitter,instrumentation,A1,,2026-09-03,2026-10-05,33,,,,,
INS-A1-PT1102-INS,activity,CGS-EXP-01.A1.INS.PT1102,5,CGS-EXP-01.A1.INS.PT1102,Installation of pressure transmitter PT-1102,instrumentation,A1,Installation,2026-09-03,2026-09-04,2,,,,,
INS-A1-PT1102-TUB,activity,CGS-EXP-01.A1.INS.PT1102,5,CGS-EXP-01.A1.INS.PT1102,Impulse tubing PT-1102,instrumentation,A1,Tubing,2026-09-07,2026-09-09,3,,,INS-A1-PT1102-INS:FS+2,,
INS-A1-PT1102-LCK,activity,CGS-EXP-01.A1.INS.PT1102,5,CGS-EXP-01.A1.INS.PT1102,Loop check PT-1102,instrumentation,A1,Loop check,2026-10-05,2026-10-05,1,,,INS-A1-PT1102-TUB:FS+25,,
CGS-EXP-01.A1.INS.LT1103,wbs,CGS-EXP-01.A1.INS,4,CGS-EXP-01.A1.INS.LT1103,LT-1103 Level Transmitter,instrumentation,A1,,2026-08-27,2026-09-28,33,,,,,
INS-A1-LT1103-INS,activity,CGS-EXP-01.A1.INS.LT1103,5,CGS-EXP-01.A1.INS.LT1103,Installation of level transmitter LT-1103,instrumentation,A1,Installation,2026-08-27,2026-08-28,2,,,,2026-08-27,2026-08-29
INS-A1-LT1103-TUB,activity,CGS-EXP-01.A1.INS.LT1103,5,CGS-EXP-01.A1.INS.LT1103,Impulse tubing LT-1103,instrumentation,A1,Tubing,2026-08-31,2026-09-02,3,,,INS-A1-LT1103-INS:FS+2,,
INS-A1-LT1103-LCK,activity,CGS-EXP-01.A1.INS.LT1103,5,CGS-EXP-01.A1.INS.LT1103,Loop check LT-1103,instrumentation,A1,Loop check,2026-09-28,2026-09-28,1,,,INS-A1-LT1103-TUB:FS+25,,
CGS-EXP-01.A1.INS.PT1104,wbs,CGS-EXP-01.A1.INS,4,CGS-EXP-01.A1.INS.PT1104,PT-1104 Pressure Transmitter,instrumentation,A1,,2026-08-28,2026-09-29,33,,,,,
INS-A1-PT1104-INS,activity,CGS-EXP-01.A1.INS.PT1104,5,CGS-EXP-01.A1.INS.PT1104,Installation of pressure transmitter PT-1104,instrumentation,A1,Installation,2026-08-28,2026-08-29,2,,,,2026-08-31,
INS-A1-PT1104-TUB,activity,CGS-EXP-01.A1.INS.PT1104,5,CGS-EXP-01.A1.INS.PT1104,Impulse tubing PT-1104,instrumentation,A1,Tubing,2026-09-01,2026-09-03,3,,,INS-A1-PT1104-INS:FS+2,,
INS-A1-PT1104-LCK,activity,CGS-EXP-01.A1.INS.PT1104,5,CGS-EXP-01.A1.INS.PT1104,Loop check PT-1104,instrumentation,A1,Loop check,2026-09-29,2026-09-29,1,,,INS-A1-PT1104-TUB:FS+25,,
CGS-EXP-01.A1.INS.TT1105,wbs,CGS-EXP-01.A1.INS,4,CGS-EXP-01.A1.INS.TT1105,TT-1105 Temperature Transmitter,instrumentation,A1,,2026-09-06,2026-10-03,28,,,,,
INS-A1-TT1105-INS,activity,CGS-EXP-01.A1.INS.TT1105,5,CGS-EXP-01.A1.INS.TT1105,Installation of temperature transmitter TT-1105,instrumentation,A1,Installation,2026-09-06,2026-09-07,2,,,,,
INS-A1-TT1105-LCK,activity,CGS-EXP-01.A1.INS.TT1105,5,CGS-EXP-01.A1.INS.TT1105,Loop check TT-1105,instrumentation,A1,Loop check,2026-10-03,2026-10-03,1,,,INS-A1-TT1105-INS:FS+25,,
CGS-EXP-01.A1.INS.JB101,wbs,CGS-EXP-01.A1.INS,4,CGS-EXP-01.A1.INS.JB101,Junction box JB-101,instrumentation,A1,,2026-09-15,2026-09-16,2,,,,,
INS-A1-JB101-INS,activity,CGS-EXP-01.A1.INS.JB101,5,CGS-EXP-01.A1.INS.JB101,Installation of junction box JB-101,instrumentation,A1,Installation,2026-09-15,2026-09-16,2,,,,,
CGS-EXP-01.A1.INS.JB102,wbs,CGS-EXP-01.A1.INS,4,CGS-EXP-01.A1.INS.JB102,Junction box JB-102,instrumentation,A1,,2026-08-31,2026-09-01,2,,,,,
INS-A1-JB102-INS,activity,CGS-EXP-01.A1.INS.JB102,5,CGS-EXP-01.A1.INS.JB102,Installation of junction box JB-102,instrumentation,A1,Installation,2026-08-31,2026-09-01,2,,,,,
CGS-EXP-01.A1.INS.ICB1,wbs,CGS-EXP-01.A1.INS,4,CGS-EXP-01.A1.INS.ICB1,Instrument cables Area-1,instrumentation,A1,,2026-09-16,2026-09-27,12,,,,,
INS-A1-ICB1-ICB,activity,CGS-EXP-01.A1.INS.ICB1,5,CGS-EXP-01.A1.INS.ICB1,"Instrument cable laying, Area-1",instrumentation,A1,Cable pulling,2026-09-16,2026-09-27,12,,,,,
CGS-EXP-01.A1.HSE,wbs,CGS-EXP-01.A1,3,CGS-EXP-01.A1.HSE,HSE & Fire Protection – A1,hse,A1,,2026-09-04,2026-10-15,42,,,,,
CGS-EXP-01.A1.HSE.GD101,wbs,CGS-EXP-01.A1.HSE,4,CGS-EXP-01.A1.HSE.GD101,Gas detector GD-101,hse,A1,,2026-09-18,2026-09-18,1,,,,,
HSE-A1-GD101-INS,activity,CGS-EXP-01.A1.HSE.GD101,5,CGS-EXP-01.A1.HSE.GD101,Installation of gas detector GD-101,hse,A1,Installation,2026-09-18,2026-09-18,1,,,,,
CGS-EXP-01.A1.HSE.GD102,wbs,CGS-EXP-01.A1.HSE,4,CGS-EXP-01.A1.HSE.GD102,Gas detector GD-102,hse,A1,,2026-09-23,2026-09-23,1,,,,,
HSE-A1-GD102-INS,activity,CGS-EXP-01.A1.HSE.GD102,5,CGS-EXP-01.A1.HSE.GD102,Installation of gas detector GD-102,hse,A1,Installation,2026-09-23,2026-09-23,1,,,,,
CGS-EXP-01.A1.HSE.HYD1,wbs,CGS-EXP-01.A1.HSE,4,CGS-EXP-01.A1.HSE.HYD1,Fire hydrants Area-1,hse,A1,,2026-09-04,2026-09-13,10,,,,,
HSE-A1-HYD1-HYD,activity,CGS-EXP-01.A1.HSE.HYD1,5,CGS-EXP-01.A1.HSE.HYD1,"Fire hydrants & monitors, Area-1",hse,A1,Installation,2026-09-04,2026-09-13,10,,,,,
CGS-EXP-01.A1.HSE.SS101,wbs,CGS-EXP-01.A1.HSE,4,CGS-EXP-01.A1.HSE.SS101,Safety shower SS-101,hse,A1,,2026-09-10,2026-09-11,2,,,,,
HSE-A1-SS101-INS,activity,CGS-EXP-01.A1.HSE.SS101,5,CGS-EXP-01.A1.HSE.SS101,Installation of safety shower & eyewash SS-101,hse,A1,Installation,2026-09-10,2026-09-11,2,,,,,
CGS-EXP-01.A1.HSE.WS1,wbs,CGS-EXP-01.A1.HSE,4,CGS-EXP-01.A1.HSE.WS1,Windsock WS-1,hse,A1,,2026-09-08,2026-09-08,1,,,,,
HSE-A1-WS1-INS,activity,CGS-EXP-01.A1.HSE.WS1,5,CGS-EXP-01.A1.HSE.WS1,Windsock installation WS-1,hse,A1,Installation,2026-09-08,2026-09-08,1,,,,,
CGS-EXP-01.A1.HSE.FGL1,wbs,CGS-EXP-01.A1.HSE,4,CGS-EXP-01.A1.HSE.FGL1,F&G loop check Area-1,hse,A1,,2026-10-11,2026-10-15,5,,,,,
HSE-A1-FGL1-FGL,activity,CGS-EXP-01.A1.HSE.FGL1,5,CGS-EXP-01.A1.HSE.FGL1,"F&G system loop check, Area-1",hse,A1,Loop check,2026-10-11,2026-10-15,5,,,,,
CGS-EXP-01.A2,wbs,CGS-EXP-01,2,CGS-EXP-01.A2,A2 – Electrical Substation,,A2,,2026-07-16,2026-10-09,86,,,,,
CGS-EXP-01.A2.CIV,wbs,CGS-EXP-01.A2,3,CGS-EXP-01.A2.CIV,Civil & Structural – A2,civil,A2,,2026-07-16,2026-09-12,59,,,,,
CGS-EXP-01.A2.CIV.SSB,wbs,CGS-EXP-01.A2.CIV,4,CGS-EXP-01.A2.CIV.SSB,Substation building,civil,A2,,2026-07-16,2026-09-01,48,,,,,
CIV-A2-SSB-PLN,activity,CGS-EXP-01.A2.CIV.SSB,5,CGS-EXP-01.A2.CIV.SSB,Substation building – plinth beam,civil,A2,Concreting,2026-07-16,2026-07-23,8,,,,2026-07-18,2026-07-27
CIV-A2-SSB-COL,activity,CGS-EXP-01.A2.CIV.SSB,5,CGS-EXP-01.A2.CIV.SSB,Substation building – column casting,civil,A2,Concreting,2026-07-25,2026-08-01,8,,,CIV-A2-SSB-PLN:FS+1,2026-07-29,2026-08-08
CIV-A2-SSB-ROF,activity,CGS-EXP-01.A2.CIV.SSB,5,CGS-EXP-01.A2.CIV.SSB,Substation building – roof slab,civil,A2,Concreting,2026-08-04,2026-08-13,10,,,CIV-A2-SSB-COL:FS+2,2026-08-11,2026-08-24
CIV-A2-SSB-BRK,activity,CGS-EXP-01.A2.CIV.SSB,5,CGS-EXP-01.A2.CIV.SSB,Substation building – brickwork,civil,A2,Masonry,2026-08-15,2026-08-24,10,,,CIV-A2-SSB-ROF:FS+1,2026-08-26,
CIV-A2-SSB-PLS,activity,CGS-EXP-01.A2.CIV.SSB,5,CGS-EXP-01.A2.CIV.SSB,Substation building – plastering,civil,A2,Finishing,2026-08-25,2026-09-01,8,,,CIV-A2-SSB-BRK:FS+0,,
CGS-EXP-01.A2.CIV.CTN,wbs,CGS-EXP-01.A2.CIV,4,CGS-EXP-01.A2.CIV.CTN,Cable trench (north),civil,A2,,2026-08-21,2026-09-04,15,,,,,
CIV-A2-CTN-EXC,activity,CGS-EXP-01.A2.CIV.CTN,5,CGS-EXP-01.A2.CIV.CTN,Cable trench excavation – Cable trench (north),civil,A2,Excavation,2026-08-21,2026-08-26,6,,,,2026-08-24,2026-08-31
CIV-A2-CTN-WAL,activity,CGS-EXP-01.A2.CIV.CTN,5,CGS-EXP-01.A2.CIV.CTN,Cable trench PCC & walls – Cable trench (north),civil,A2,Concreting,2026-08-28,2026-09-04,8,,,CIV-A2-CTN-EXC:FS+1,,
CGS-EXP-01.A2.CIV.CTS,wbs,CGS-EXP-01.A2.CIV,4,CGS-EXP-01.A2.CIV.CTS,Cable trench (south),civil,A2,,2026-08-29,2026-09-12,15,,,,,
CIV-A2-CTS-EXC,activity,CGS-EXP-01.A2.CIV.CTS,5,CGS-EXP-01.A2.CIV.CTS,Cable trench excavation – Cable trench (south),civil,A2,Excavation,2026-08-29,2026-09-03,6,,,,2026-08-29,
CIV-A2-CTS-WAL,activity,CGS-EXP-01.A2.CIV.CTS,5,CGS-EXP-01.A2.CIV.CTS,Cable trench PCC & walls – Cable trench (south),civil,A2,Concreting,2026-09-05,2026-09-12,8,,,CIV-A2-CTS-EXC:FS+1,,
CGS-EXP-01.A2.ELE,wbs,CGS-EXP-01.A2,3,CGS-EXP-01.A2.ELE,Electrical – A2,electrical,A2,,2026-08-21,2026-10-09,50,,,,,
CGS-EXP-01.A2.ELE.TR1,wbs,CGS-EXP-01.A2.ELE,4,CGS-EXP-01.A2.ELE.TR1,Transformer TR-1,electrical,A2,,2026-09-11,2026-09-12,2,,,,,
ELE-A2-TR1-PLC,activity,CGS-EXP-01.A2.ELE.TR1,5,CGS-EXP-01.A2.ELE.TR1,Placement of transformer TR-1 on plinth,electrical,A2,Erection,2026-09-11,2026-09-12,2,,,,,
CGS-EXP-01.A2.ELE.TR2,wbs,CGS-EXP-01.A2.ELE,4,CGS-EXP-01.A2.ELE.TR2,Transformer TR-2,electrical,A2,,2026-09-10,2026-09-11,2,,,,,
ELE-A2-TR2-PLC,activity,CGS-EXP-01.A2.ELE.TR2,5,CGS-EXP-01.A2.ELE.TR2,Placement of transformer TR-2 on plinth,electrical,A2,Erection,2026-09-10,2026-09-11,2,,,,,
CGS-EXP-01.A2.ELE.HTSWBD1,wbs,CGS-EXP-01.A2.ELE,4,CGS-EXP-01.A2.ELE.HTSWBD1,Ht Switchboard HT-SWBD-1,electrical,A2,,2026-08-25,2026-08-27,3,,,,,
ELE-A2-HTSWBD1-INS,activity,CGS-EXP-01.A2.ELE.HTSWBD1,5,CGS-EXP-01.A2.ELE.HTSWBD1,Installation of HT switchboard HT-SWBD-1,electrical,A2,Installation,2026-08-25,2026-08-27,3,,,,,
CGS-EXP-01.A2.ELE.MCC1,wbs,CGS-EXP-01.A2.ELE,4,CGS-EXP-01.A2.ELE.MCC1,MCC PANEL MCC-1,electrical,A2,,2026-09-01,2026-09-03,3,,,,,
ELE-A2-MCC1-INS,activity,CGS-EXP-01.A2.ELE.MCC1,5,CGS-EXP-01.A2.ELE.MCC1,Installation of MCC panel MCC-1,electrical,A2,Installation,2026-09-01,2026-09-03,3,,,,,
CGS-EXP-01.A2.ELE.MCC2,wbs,CGS-EXP-01.A2.ELE,4,CGS-EXP-01.A2.ELE.MCC2,MCC PANEL MCC-2,electrical,A2,,2026-08-23,2026-08-25,3,,,,,
ELE-A2-MCC2-INS,activity,CGS-EXP-01.A2.ELE.MCC2,5,CGS-EXP-01.A2.ELE.MCC2,Installation of MCC panel MCC-2,electrical,A2,Installation,2026-08-23,2026-08-25,3,,,,2026-08-26,2026-08-29
CGS-EXP-01.A2.ELE.PCC1,wbs,CGS-EXP-01.A2.ELE,4,CGS-EXP-01.A2.ELE.PCC1,PCC PANEL PCC-1,electrical,A2,,2026-08-29,2026-08-31,3,,,,,
ELE-A2-PCC1-INS,activity,CGS-EXP-01.A2.ELE.PCC1,5,CGS-EXP-01.A2.ELE.PCC1,Installation of PCC panel PCC-1,electrical,A2,Installation,2026-08-29,2026-08-31,3,,,,2026-08-31,
CGS-EXP-01.A2.ELE.CMCC1,wbs,CGS-EXP-01.A2.ELE,4,CGS-EXP-01.A2.ELE.CMCC1,MCC-1 outgoing feeders,electrical,A2,,2026-09-01,2026-10-04,34,,,,,
ELE-A2-CMCC1-CBL,activity,CGS-EXP-01.A2.ELE.CMCC1,5,CGS-EXP-01.A2.ELE.CMCC1,Cable pulling – MCC-1 outgoing feeders,electrical,A2,Cable pulling,2026-09-01,2026-09-20,20,1900,m,,,
ELE-A2-CMCC1-TRM,activity,CGS-EXP-01.A2.ELE.CMCC1,5,CGS-EXP-01.A2.ELE.CMCC1,Glanding & termination – MCC-1 outgoing feeders,electrical,A2,Termination,2026-09-06,2026-09-30,25,24,cables,ELE-A2-CMCC1-CBL:SS+5,,
ELE-A2-CMCC1-IRT,activity,CGS-EXP-01.A2.ELE.CMCC1,5,CGS-EXP-01.A2.ELE.CMCC1,IR testing of cables – MCC-1 outgoing feeders,electrical,A2,Testing,2026-10-03,2026-10-04,2,,,ELE-A2-CMCC1-TRM:FS+2,,
CGS-EXP-01.A2.ELE.CMCC2,wbs,CGS-EXP-01.A2.ELE,4,CGS-EXP-01.A2.ELE.CMCC2,MCC-2 incomer & feeders,electrical,A2,,2026-08-28,2026-09-24,28,,,,,
ELE-A2-CMCC2-CBL,activity,CGS-EXP-01.A2.ELE.CMCC2,5,CGS-EXP-01.A2.ELE.CMCC2,Cable pulling – MCC-2 incomer & feeders,electrical,A2,Cable pulling,2026-08-28,2026-09-10,14,1265,m,,2026-08-28,
ELE-A2-CMCC2-TRM,activity,CGS-EXP-01.A2.ELE.CMCC2,5,CGS-EXP-01.A2.ELE.CMCC2,Glanding & termination – MCC-2 incomer & feeders,electrical,A2,Termination,2026-09-02,2026-09-20,19,13,cables,ELE-A2-CMCC2-CBL:SS+5,,
ELE-A2-CMCC2-IRT,activity,CGS-EXP-01.A2.ELE.CMCC2,5,CGS-EXP-01.A2.ELE.CMCC2,IR testing of cables – MCC-2 incomer & feeders,electrical,A2,Testing,2026-09-23,2026-09-24,2,,,ELE-A2-CMCC2-TRM:FS+2,,
CGS-EXP-01.A2.ELE.CHTTR1,wbs,CGS-EXP-01.A2.ELE,4,CGS-EXP-01.A2.ELE.CHTTR1,11 kV HT cable to TR-1,electrical,A2,,2026-09-12,2026-10-05,24,,,,,
ELE-A2-CHTTR1-CBL,activity,CGS-EXP-01.A2.ELE.CHTTR1,5,CGS-EXP-01.A2.ELE.CHTTR1,Cable pulling – 11 kV HT cable to TR-1,electrical,A2,Cable pulling,2026-09-12,2026-09-25,14,475,m,,,
ELE-A2-CHTTR1-TRM,activity,CGS-EXP-01.A2.ELE.CHTTR1,5,CGS-EXP-01.A2.ELE.CHTTR1,Glanding & termination – 11 kV HT cable to TR-1,electrical,A2,Termination,2026-09-17,2026-10-05,19,3,cables,ELE-A2-CHTTR1-CBL:SS+5,,
CGS-EXP-01.A2.ELE.CHTTR2,wbs,CGS-EXP-01.A2.ELE,4,CGS-EXP-01.A2.ELE.CHTTR2,11 kV HT cable to TR-2,electrical,A2,,2026-09-12,2026-10-09,28,,,,,
ELE-A2-CHTTR2-CBL,activity,CGS-EXP-01.A2.ELE.CHTTR2,5,CGS-EXP-01.A2.ELE.CHTTR2,Cable pulling – 11 kV HT cable to TR-2,electrical,A2,Cable pulling,2026-09-12,2026-09-29,18,380,m,,,
ELE-A2-CHTTR2-TRM,activity,CGS-EXP-01.A2.ELE.CHTTR2,5,CGS-EXP-01.A2.ELE.CHTTR2,Glanding & termination – 11 kV HT cable to TR-2,electrical,A2,Termination,2026-09-17,2026-10-09,23,2,cables,ELE-A2-CHTTR2-CBL:SS+5,,
CGS-EXP-01.A2.ELE.ERT2,wbs,CGS-EXP-01.A2.ELE,4,CGS-EXP-01.A2.ELE.ERT2,Earthing Area-2,electrical,A2,,2026-08-25,2026-09-05,12,,,,,
ELE-A2-ERT2-ERT,activity,CGS-EXP-01.A2.ELE.ERT2,5,CGS-EXP-01.A2.ELE.ERT2,"Earthing – earth pits & grid, Area-2",electrical,A2,Earthing,2026-08-25,2026-09-05,12,,,,2026-08-25,
CGS-EXP-01.A2.ELE.TRY2,wbs,CGS-EXP-01.A2.ELE,4,CGS-EXP-01.A2.ELE.TRY2,Cable Tray Area-2,electrical,A2,,2026-08-21,2026-09-04,15,,,,,
ELE-A2-TRY2-TRY,activity,CGS-EXP-01.A2.ELE.TRY2,5,CGS-EXP-01.A2.ELE.TRY2,"Cable tray erection, Area-2",electrical,A2,Erection,2026-08-21,2026-09-04,15,,,,2026-08-20,2026-08-31
CGS-EXP-01.A2.ELE.LGT2,wbs,CGS-EXP-01.A2.ELE,4,CGS-EXP-01.A2.ELE.LGT2,Area Lighting Area-2,electrical,A2,,2026-09-23,2026-10-02,10,,,,,
ELE-A2-LGT2-LGT,activity,CGS-EXP-01.A2.ELE.LGT2,5,CGS-EXP-01.A2.ELE.LGT2,"Area lighting poles & fixtures, Area-2",electrical,A2,Installation,2026-09-23,2026-10-02,10,,,,,
CGS-EXP-01.A2.INS,wbs,CGS-EXP-01.A2,3,CGS-EXP-01.A2.INS,Instrumentation – A2,instrumentation,A2,,2026-08-30,2026-09-03,5,,,,,
CGS-EXP-01.A2.INS.DCS,wbs,CGS-EXP-01.A2.INS,4,CGS-EXP-01.A2.INS.DCS,DCS cabinets (CCR),instrumentation,A2,,2026-08-30,2026-09-03,5,,,,,
INS-A2-DCS-DCS,activity,CGS-EXP-01.A2.INS.DCS,5,CGS-EXP-01.A2.INS.DCS,Installation of DCS cabinets in CCR,instrumentation,A2,Installation,2026-08-30,2026-09-03,5,,,,2026-08-31,
CGS-EXP-01.A2.INS.MC1,wbs,CGS-EXP-01.A2.INS,4,CGS-EXP-01.A2.INS.MC1,Marshalling cabinet MC-1,instrumentation,A2,,2026-08-31,2026-09-02,3,,,,,
INS-A2-MC1-INS,activity,CGS-EXP-01.A2.INS.MC1,5,CGS-EXP-01.A2.INS.MC1,Installation of marshalling cabinet MC-1,instrumentation,A2,Installation,2026-08-31,2026-09-02,3,,,,,
CGS-EXP-01.A2.HSE,wbs,CGS-EXP-01.A2,3,CGS-EXP-01.A2.HSE,HSE & Fire Protection – A2,hse,A2,,2026-09-02,2026-09-03,2,,,,,
CGS-EXP-01.A2.HSE.FAP1,wbs,CGS-EXP-01.A2.HSE,4,CGS-EXP-01.A2.HSE.FAP1,Fire alarm panel FAP-1,hse,A2,,2026-09-02,2026-09-03,2,,,,,
HSE-A2-FAP1-INS,activity,CGS-EXP-01.A2.HSE.FAP1,5,CGS-EXP-01.A2.HSE.FAP1,Installation of fire alarm panel FAP-1,hse,A2,Installation,2026-09-02,2026-09-03,2,,,,,
CGS-EXP-01.A3,wbs,CGS-EXP-01,2,CGS-EXP-01.A3,A3 – Process Pipe Rack & Pump House,,A3,,2026-07-13,2026-10-21,101,,,,,
CGS-EXP-01.A3.CIV,wbs,CGS-EXP-01.A3,3,CGS-EXP-01.A3.CIV,Civil & Structural – A3,civil,A3,,2026-07-13,2026-09-12,62,,,,,
CGS-EXP-01.A3.CIV.P101A,wbs,CGS-EXP-01.A3.CIV,4,CGS-EXP-01.A3.CIV.P101A,Foundation P-101A (crude transfer pump),civil,A3,,2026-07-24,2026-08-13,21,,,,,
CIV-A3-P101A-EXC,activity,CGS-EXP-01.A3.CIV.P101A,5,CGS-EXP-01.A3.CIV.P101A,Excavation for foundation P-101A,civil,A3,Excavation,2026-07-24,2026-07-26,3,,,,2026-07-24,2026-07-27
CIV-A3-P101A-PCC,activity,CGS-EXP-01.A3.CIV.P101A,5,CGS-EXP-01.A3.CIV.P101A,PCC for foundation P-101A,civil,A3,PCC,2026-07-27,2026-07-27,1,,,CIV-A3-P101A-EXC:FS+0,2026-07-28,2026-07-28
CIV-A3-P101A-REB,activity,CGS-EXP-01.A3.CIV.P101A,5,CGS-EXP-01.A3.CIV.P101A,Reinforcement & shuttering foundation P-101A,civil,A3,Reinforcement,2026-07-29,2026-08-01,4,,,CIV-A3-P101A-PCC:FS+1,2026-07-30,2026-08-03
CIV-A3-P101A-RCC,activity,CGS-EXP-01.A3.CIV.P101A,5,CGS-EXP-01.A3.CIV.P101A,RCC concreting foundation P-101A,civil,A3,Concreting,2026-08-02,2026-08-03,2,20,cum,CIV-A3-P101A-REB:FS+0,2026-08-04,2026-08-05
CIV-A3-P101A-BKF,activity,CGS-EXP-01.A3.CIV.P101A,5,CGS-EXP-01.A3.CIV.P101A,Backfilling around foundation P-101A,civil,A3,Backfilling,2026-08-11,2026-08-13,3,,,CIV-A3-P101A-RCC:FS+7,2026-08-13,2026-08-15
CGS-EXP-01.A3.CIV.P101B,wbs,CGS-EXP-01.A3.CIV,4,CGS-EXP-01.A3.CIV.P101B,Foundation P-101B (crude transfer pump),civil,A3,,2026-07-26,2026-08-15,21,,,,,
CIV-A3-P101B-EXC,activity,CGS-EXP-01.A3.CIV.P101B,5,CGS-EXP-01.A3.CIV.P101B,Excavation for foundation P-101B,civil,A3,Excavation,2026-07-26,2026-07-28,3,,,,2026-07-29,2026-08-01
CIV-A3-P101B-PCC,activity,CGS-EXP-01.A3.CIV.P101B,5,CGS-EXP-01.A3.CIV.P101B,PCC for foundation P-101B,civil,A3,PCC,2026-07-29,2026-07-29,1,,,CIV-A3-P101B-EXC:FS+0,2026-08-03,2026-08-03
CIV-A3-P101B-REB,activity,CGS-EXP-01.A3.CIV.P101B,5,CGS-EXP-01.A3.CIV.P101B,Reinforcement & shuttering foundation P-101B,civil,A3,Reinforcement,2026-07-31,2026-08-03,4,,,CIV-A3-P101B-PCC:FS+1,2026-08-05,2026-08-08
CIV-A3-P101B-RCC,activity,CGS-EXP-01.A3.CIV.P101B,5,CGS-EXP-01.A3.CIV.P101B,RCC concreting foundation P-101B,civil,A3,Concreting,2026-08-04,2026-08-05,2,40,cum,CIV-A3-P101B-REB:FS+0,2026-08-10,2026-08-11
CIV-A3-P101B-BKF,activity,CGS-EXP-01.A3.CIV.P101B,5,CGS-EXP-01.A3.CIV.P101B,Backfilling around foundation P-101B,civil,A3,Backfilling,2026-08-13,2026-08-15,3,,,CIV-A3-P101B-RCC:FS+7,2026-08-19,2026-08-21
CGS-EXP-01.A3.CIV.P102A,wbs,CGS-EXP-01.A3.CIV,4,CGS-EXP-01.A3.CIV.P102A,Foundation P-102A (produced water pump),civil,A3,,2026-08-08,2026-08-28,21,,,,,
CIV-A3-P102A-EXC,activity,CGS-EXP-01.A3.CIV.P102A,5,CGS-EXP-01.A3.CIV.P102A,Excavation for foundation P-102A,civil,A3,Excavation,2026-08-08,2026-08-10,3,,,,2026-08-08,2026-08-11
CIV-A3-P102A-PCC,activity,CGS-EXP-01.A3.CIV.P102A,5,CGS-EXP-01.A3.CIV.P102A,PCC for foundation P-102A,civil,A3,PCC,2026-08-11,2026-08-11,1,,,CIV-A3-P102A-EXC:FS+0,2026-08-12,2026-08-12
CIV-A3-P102A-REB,activity,CGS-EXP-01.A3.CIV.P102A,5,CGS-EXP-01.A3.CIV.P102A,Reinforcement & shuttering foundation P-102A,civil,A3,Reinforcement,2026-08-13,2026-08-16,4,,,CIV-A3-P102A-PCC:FS+1,2026-08-15,2026-08-18
CIV-A3-P102A-RCC,activity,CGS-EXP-01.A3.CIV.P102A,5,CGS-EXP-01.A3.CIV.P102A,RCC concreting foundation P-102A,civil,A3,Concreting,2026-08-17,2026-08-18,2,26,cum,CIV-A3-P102A-REB:FS+0,2026-08-20,2026-08-21
CIV-A3-P102A-BKF,activity,CGS-EXP-01.A3.CIV.P102A,5,CGS-EXP-01.A3.CIV.P102A,Backfilling around foundation P-102A,civil,A3,Backfilling,2026-08-26,2026-08-28,3,,,CIV-A3-P102A-RCC:FS+7,2026-08-31,
CGS-EXP-01.A3.CIV.P102B,wbs,CGS-EXP-01.A3.CIV,4,CGS-EXP-01.A3.CIV.P102B,Foundation P-102B (produced water pump),civil,A3,,2026-08-08,2026-08-28,21,,,,,
CIV-A3-P102B-EXC,activity,CGS-EXP-01.A3.CIV.P102B,5,CGS-EXP-01.A3.CIV.P102B,Excavation for foundation P-102B,civil,A3,Excavation,2026-08-08,2026-08-10,3,,,,2026-08-08,2026-08-10
CIV-A3-P102B-PCC,activity,CGS-EXP-01.A3.CIV.P102B,5,CGS-EXP-01.A3.CIV.P102B,PCC for foundation P-102B,civil,A3,PCC,2026-08-11,2026-08-11,1,,,CIV-A3-P102B-EXC:FS+0,2026-08-13,2026-08-13
CIV-A3-P102B-REB,activity,CGS-EXP-01.A3.CIV.P102B,5,CGS-EXP-01.A3.CIV.P102B,Reinforcement & shuttering foundation P-102B,civil,A3,Reinforcement,2026-08-13,2026-08-16,4,,,CIV-A3-P102B-PCC:FS+1,2026-08-15,2026-08-18
CIV-A3-P102B-RCC,activity,CGS-EXP-01.A3.CIV.P102B,5,CGS-EXP-01.A3.CIV.P102B,RCC concreting foundation P-102B,civil,A3,Concreting,2026-08-17,2026-08-18,2,52,cum,CIV-A3-P102B-REB:FS+0,2026-08-20,2026-08-22
CIV-A3-P102B-BKF,activity,CGS-EXP-01.A3.CIV.P102B,5,CGS-EXP-01.A3.CIV.P102B,Backfilling around foundation P-102B,civil,A3,Backfilling,2026-08-26,2026-08-28,3,,,CIV-A3-P102B-RCC:FS+7,2026-08-31,
CGS-EXP-01.A3.CIV.E101,wbs,CGS-EXP-01.A3.CIV,4,CGS-EXP-01.A3.CIV.E101,Foundation E-101 (crude heat exchanger),civil,A3,,2026-07-24,2026-08-13,21,,,,,
CIV-A3-E101-EXC,activity,CGS-EXP-01.A3.CIV.E101,5,CGS-EXP-01.A3.CIV.E101,Excavation for foundation E-101,civil,A3,Excavation,2026-07-24,2026-07-26,3,,,,2026-07-27,2026-07-30
CIV-A3-E101-PCC,activity,CGS-EXP-01.A3.CIV.E101,5,CGS-EXP-01.A3.CIV.E101,PCC for foundation E-101,civil,A3,PCC,2026-07-27,2026-07-27,1,,,CIV-A3-E101-EXC:FS+0,2026-08-01,2026-08-01
CIV-A3-E101-REB,activity,CGS-EXP-01.A3.CIV.E101,5,CGS-EXP-01.A3.CIV.E101,Reinforcement & shuttering foundation E-101,civil,A3,Reinforcement,2026-07-29,2026-08-01,4,,,CIV-A3-E101-PCC:FS+1,2026-08-05,2026-08-10
CIV-A3-E101-RCC,activity,CGS-EXP-01.A3.CIV.E101,5,CGS-EXP-01.A3.CIV.E101,RCC concreting foundation E-101,civil,A3,Concreting,2026-08-02,2026-08-03,2,38,cum,CIV-A3-E101-REB:FS+0,2026-08-11,2026-08-12
CIV-A3-E101-BKF,activity,CGS-EXP-01.A3.CIV.E101,5,CGS-EXP-01.A3.CIV.E101,Backfilling around foundation E-101,civil,A3,Backfilling,2026-08-11,2026-08-13,3,,,CIV-A3-E101-RCC:FS+7,2026-08-20,2026-08-24
CGS-EXP-01.A3.CIV.PR2,wbs,CGS-EXP-01.A3.CIV,4,CGS-EXP-01.A3.CIV.PR2,Pipe rack PR-2,civil,A3,,2026-07-13,2026-08-11,30,,,,,
CIV-A3-PR2-FTG,activity,CGS-EXP-01.A3.CIV.PR2,5,CGS-EXP-01.A3.CIV.PR2,Excavation & PCC for pipe rack PR-2 footings,civil,A3,Excavation,2026-07-13,2026-07-18,6,,,,2026-07-16,2026-07-22
CIV-A3-PR2-PED,activity,CGS-EXP-01.A3.CIV.PR2,5,CGS-EXP-01.A3.CIV.PR2,RCC footings & pedestals pipe rack PR-2,civil,A3,Concreting,2026-07-20,2026-07-27,8,,,CIV-A3-PR2-FTG:FS+1,2026-07-24,2026-07-30
CIV-A3-PR2-STL,activity,CGS-EXP-01.A3.CIV.PR2,5,CGS-EXP-01.A3.CIV.PR2,Structural steel erection pipe rack PR-2,civil,A3,Steel erection,2026-08-02,2026-08-11,10,,,CIV-A3-PR2-PED:FS+5,2026-08-07,2026-08-15
CGS-EXP-01.A3.CIV.PR3,wbs,CGS-EXP-01.A3.CIV,4,CGS-EXP-01.A3.CIV.PR3,Pipe rack PR-3,civil,A3,,2026-08-07,2026-09-05,30,,,,,
CIV-A3-PR3-FTG,activity,CGS-EXP-01.A3.CIV.PR3,5,CGS-EXP-01.A3.CIV.PR3,Excavation & PCC for pipe rack PR-3 footings,civil,A3,Excavation,2026-08-07,2026-08-12,6,,,,2026-08-17,2026-08-24
CIV-A3-PR3-PED,activity,CGS-EXP-01.A3.CIV.PR3,5,CGS-EXP-01.A3.CIV.PR3,RCC footings & pedestals pipe rack PR-3,civil,A3,Concreting,2026-08-14,2026-08-21,8,,,CIV-A3-PR3-FTG:FS+1,2026-08-26,
CIV-A3-PR3-STL,activity,CGS-EXP-01.A3.CIV.PR3,5,CGS-EXP-01.A3.CIV.PR3,Structural steel erection pipe rack PR-3,civil,A3,Steel erection,2026-08-27,2026-09-05,10,,,CIV-A3-PR3-PED:FS+5,,
CGS-EXP-01.A3.CIV.SWD3,wbs,CGS-EXP-01.A3.CIV,4,CGS-EXP-01.A3.CIV.SWD3,Storm water drain Area-3,civil,A3,,2026-09-01,2026-09-12,12,,,,,
CIV-A3-SWD3-SWD,activity,CGS-EXP-01.A3.CIV.SWD3,5,CGS-EXP-01.A3.CIV.SWD3,Storm water drain – Area-3,civil,A3,Drainage,2026-09-01,2026-09-12,12,,,,,
CGS-EXP-01.A3.PIP,wbs,CGS-EXP-01.A3,3,CGS-EXP-01.A3.PIP,Piping – A3,piping,A3,,2026-08-12,2026-10-13,63,,,,,
CGS-EXP-01.A3.PIP.1201,wbs,CGS-EXP-01.A3.PIP,4,CGS-EXP-01.A3.PIP.1201,"Line 24""-P-1201-A1A",piping,A3,,2026-09-20,2026-10-08,19,,,,,
PIP-A3-1201-ERC,activity,CGS-EXP-01.A3.PIP.1201,5,CGS-EXP-01.A3.PIP.1201,"Erect piping line 24""-P-1201-A1A",piping,A3,Erection,2026-09-20,2026-09-25,6,4,spools,,,
PIP-A3-1201-WLD,activity,CGS-EXP-01.A3.PIP.1201,5,CGS-EXP-01.A3.PIP.1201,"Welding & NDT line 24""-P-1201-A1A",piping,A3,Welding,2026-09-22,2026-09-30,9,,,PIP-A3-1201-ERC:SS+2,,
PIP-A3-1201-HT,activity,CGS-EXP-01.A3.PIP.1201,5,CGS-EXP-01.A3.PIP.1201,"Hydrotest line 24""-P-1201-A1A (TP-016)",piping,A3,Hydrotest,2026-10-04,2026-10-05,2,,,PIP-A3-1201-WLD:FS+3,,
PIP-A3-1201-RST,activity,CGS-EXP-01.A3.PIP.1201,5,CGS-EXP-01.A3.PIP.1201,"Reinstatement line 24""-P-1201-A1A",piping,A3,Reinstatement,2026-10-07,2026-10-08,2,,,PIP-A3-1201-HT:FS+1,,
CGS-EXP-01.A3.PIP.1203,wbs,CGS-EXP-01.A3.PIP,4,CGS-EXP-01.A3.PIP.1203,"Line 24""-P-1203-A1A",piping,A3,,2026-09-06,2026-09-30,25,,,,,
PIP-A3-1203-ERC,activity,CGS-EXP-01.A3.PIP.1203,5,CGS-EXP-01.A3.PIP.1203,"Erect piping line 24""-P-1203-A1A",piping,A3,Erection,2026-09-06,2026-09-17,12,8,spools,,,
PIP-A3-1203-WLD,activity,CGS-EXP-01.A3.PIP.1203,5,CGS-EXP-01.A3.PIP.1203,"Welding & NDT line 24""-P-1203-A1A",piping,A3,Welding,2026-09-08,2026-09-22,15,,,PIP-A3-1203-ERC:SS+2,,
PIP-A3-1203-HT,activity,CGS-EXP-01.A3.PIP.1203,5,CGS-EXP-01.A3.PIP.1203,"Hydrotest line 24""-P-1203-A1A (TP-017)",piping,A3,Hydrotest,2026-09-26,2026-09-27,2,,,PIP-A3-1203-WLD:FS+3,,
PIP-A3-1203-RST,activity,CGS-EXP-01.A3.PIP.1203,5,CGS-EXP-01.A3.PIP.1203,"Reinstatement line 24""-P-1203-A1A",piping,A3,Reinstatement,2026-09-29,2026-09-30,2,,,PIP-A3-1203-HT:FS+1,,
CGS-EXP-01.A3.PIP.1205,wbs,CGS-EXP-01.A3.PIP,4,CGS-EXP-01.A3.PIP.1205,"Line 18""-P-1205-A1A",piping,A3,,2026-09-13,2026-10-13,31,,,,,
PIP-A3-1205-ERC,activity,CGS-EXP-01.A3.PIP.1205,5,CGS-EXP-01.A3.PIP.1205,"Erect piping line 18""-P-1205-A1A",piping,A3,Erection,2026-09-13,2026-09-30,18,12,spools,,,
PIP-A3-1205-WLD,activity,CGS-EXP-01.A3.PIP.1205,5,CGS-EXP-01.A3.PIP.1205,"Welding & NDT line 18""-P-1205-A1A",piping,A3,Welding,2026-09-15,2026-10-05,21,,,PIP-A3-1205-ERC:SS+2,,
PIP-A3-1205-HT,activity,CGS-EXP-01.A3.PIP.1205,5,CGS-EXP-01.A3.PIP.1205,"Hydrotest line 18""-P-1205-A1A (TP-018)",piping,A3,Hydrotest,2026-10-09,2026-10-10,2,,,PIP-A3-1205-WLD:FS+3,,
PIP-A3-1205-RST,activity,CGS-EXP-01.A3.PIP.1205,5,CGS-EXP-01.A3.PIP.1205,"Reinstatement line 18""-P-1205-A1A",piping,A3,Reinstatement,2026-10-12,2026-10-13,2,,,PIP-A3-1205-HT:FS+1,,
CGS-EXP-01.A3.PIP.1207,wbs,CGS-EXP-01.A3.PIP,4,CGS-EXP-01.A3.PIP.1207,"Line 16""-P-1207-A1A",piping,A3,,2026-09-06,2026-09-29,24,,,,,
PIP-A3-1207-ERC,activity,CGS-EXP-01.A3.PIP.1207,5,CGS-EXP-01.A3.PIP.1207,"Erect piping line 16""-P-1207-A1A",piping,A3,Erection,2026-09-06,2026-09-16,11,7,spools,,,
PIP-A3-1207-WLD,activity,CGS-EXP-01.A3.PIP.1207,5,CGS-EXP-01.A3.PIP.1207,"Welding & NDT line 16""-P-1207-A1A",piping,A3,Welding,2026-09-08,2026-09-21,14,,,PIP-A3-1207-ERC:SS+2,,
PIP-A3-1207-HT,activity,CGS-EXP-01.A3.PIP.1207,5,CGS-EXP-01.A3.PIP.1207,"Hydrotest line 16""-P-1207-A1A (TP-019)",piping,A3,Hydrotest,2026-09-25,2026-09-26,2,,,PIP-A3-1207-WLD:FS+3,,
PIP-A3-1207-RST,activity,CGS-EXP-01.A3.PIP.1207,5,CGS-EXP-01.A3.PIP.1207,"Reinstatement line 16""-P-1207-A1A",piping,A3,Reinstatement,2026-09-28,2026-09-29,2,,,PIP-A3-1207-HT:FS+1,,
CGS-EXP-01.A3.PIP.1211,wbs,CGS-EXP-01.A3.PIP,4,CGS-EXP-01.A3.PIP.1211,"Line 16""-P-1211-A1A",piping,A3,,2026-08-31,2026-09-18,19,,,,,
PIP-A3-1211-ERC,activity,CGS-EXP-01.A3.PIP.1211,5,CGS-EXP-01.A3.PIP.1211,"Erect piping line 16""-P-1211-A1A",piping,A3,Erection,2026-08-31,2026-09-05,6,4,spools,,2026-08-31,
PIP-A3-1211-WLD,activity,CGS-EXP-01.A3.PIP.1211,5,CGS-EXP-01.A3.PIP.1211,"Welding & NDT line 16""-P-1211-A1A",piping,A3,Welding,2026-09-02,2026-09-10,9,,,PIP-A3-1211-ERC:SS+2,,
PIP-A3-1211-HT,activity,CGS-EXP-01.A3.PIP.1211,5,CGS-EXP-01.A3.PIP.1211,"Hydrotest line 16""-P-1211-A1A (TP-020)",piping,A3,Hydrotest,2026-09-14,2026-09-15,2,,,PIP-A3-1211-WLD:FS+3,,
PIP-A3-1211-RST,activity,CGS-EXP-01.A3.PIP.1211,5,CGS-EXP-01.A3.PIP.1211,"Reinstatement line 16""-P-1211-A1A",piping,A3,Reinstatement,2026-09-17,2026-09-18,2,,,PIP-A3-1211-HT:FS+1,,
CGS-EXP-01.A3.PIP.1213,wbs,CGS-EXP-01.A3.PIP,4,CGS-EXP-01.A3.PIP.1213,"Line 12""-P-1213-A1A",piping,A3,,2026-08-31,2026-09-26,27,,,,,
PIP-A3-1213-ERC,activity,CGS-EXP-01.A3.PIP.1213,5,CGS-EXP-01.A3.PIP.1213,"Erect piping line 12""-P-1213-A1A",piping,A3,Erection,2026-08-31,2026-09-13,14,9,spools,,,
PIP-A3-1213-WLD,activity,CGS-EXP-01.A3.PIP.1213,5,CGS-EXP-01.A3.PIP.1213,"Welding & NDT line 12""-P-1213-A1A",piping,A3,Welding,2026-09-02,2026-09-18,17,,,PIP-A3-1213-ERC:SS+2,,
PIP-A3-1213-HT,activity,CGS-EXP-01.A3.PIP.1213,5,CGS-EXP-01.A3.PIP.1213,"Hydrotest line 12""-P-1213-A1A (TP-021)",piping,A3,Hydrotest,2026-09-22,2026-09-23,2,,,PIP-A3-1213-WLD:FS+3,,
PIP-A3-1213-RST,activity,CGS-EXP-01.A3.PIP.1213,5,CGS-EXP-01.A3.PIP.1213,"Reinstatement line 12""-P-1213-A1A",piping,A3,Reinstatement,2026-09-25,2026-09-26,2,,,PIP-A3-1213-HT:FS+1,,
CGS-EXP-01.A3.PIP.1215,wbs,CGS-EXP-01.A3.PIP,4,CGS-EXP-01.A3.PIP.1215,"Line 10""-W-1215-A1A",piping,A3,,2026-09-03,2026-10-03,31,,,,,
PIP-A3-1215-ERC,activity,CGS-EXP-01.A3.PIP.1215,5,CGS-EXP-01.A3.PIP.1215,"Erect piping line 10""-W-1215-A1A",piping,A3,Erection,2026-09-03,2026-09-20,18,12,spools,,,
PIP-A3-1215-WLD,activity,CGS-EXP-01.A3.PIP.1215,5,CGS-EXP-01.A3.PIP.1215,"Welding & NDT line 10""-W-1215-A1A",piping,A3,Welding,2026-09-05,2026-09-25,21,,,PIP-A3-1215-ERC:SS+2,,
PIP-A3-1215-HT,activity,CGS-EXP-01.A3.PIP.1215,5,CGS-EXP-01.A3.PIP.1215,"Hydrotest line 10""-W-1215-A1A (TP-022)",piping,A3,Hydrotest,2026-09-29,2026-09-30,2,,,PIP-A3-1215-WLD:FS+3,,
PIP-A3-1215-RST,activity,CGS-EXP-01.A3.PIP.1215,5,CGS-EXP-01.A3.PIP.1215,"Reinstatement line 10""-W-1215-A1A",piping,A3,Reinstatement,2026-10-02,2026-10-03,2,,,PIP-A3-1215-HT:FS+1,,
CGS-EXP-01.A3.PIP.1217,wbs,CGS-EXP-01.A3.PIP,4,CGS-EXP-01.A3.PIP.1217,"Line 8""-P-1217-A1A",piping,A3,,2026-08-17,2026-09-12,27,,,,,
PIP-A3-1217-ERC,activity,CGS-EXP-01.A3.PIP.1217,5,CGS-EXP-01.A3.PIP.1217,"Erect piping line 8""-P-1217-A1A",piping,A3,Erection,2026-08-17,2026-08-30,14,9,spools,,2026-08-18,
PIP-A3-1217-WLD,activity,CGS-EXP-01.A3.PIP.1217,5,CGS-EXP-01.A3.PIP.1217,"Welding & NDT line 8""-P-1217-A1A",piping,A3,Welding,2026-08-19,2026-09-04,17,,,PIP-A3-1217-ERC:SS+2,2026-08-20,
PIP-A3-1217-HT,activity,CGS-EXP-01.A3.PIP.1217,5,CGS-EXP-01.A3.PIP.1217,"Hydrotest line 8""-P-1217-A1A (TP-023)",piping,A3,Hydrotest,2026-09-08,2026-09-09,2,,,PIP-A3-1217-WLD:FS+3,,
PIP-A3-1217-RST,activity,CGS-EXP-01.A3.PIP.1217,5,CGS-EXP-01.A3.PIP.1217,"Reinstatement line 8""-P-1217-A1A",piping,A3,Reinstatement,2026-09-11,2026-09-12,2,,,PIP-A3-1217-HT:FS+1,,
CGS-EXP-01.A3.PIP.PS2,wbs,CGS-EXP-01.A3.PIP,4,CGS-EXP-01.A3.PIP.PS2,Pipe supports PR-2,piping,A3,,2026-08-12,2026-09-04,24,,,,,
PIP-A3-PS2-FAB,activity,CGS-EXP-01.A3.PIP.PS2,5,CGS-EXP-01.A3.PIP.PS2,Fabrication of pipe supports – pipe rack PR-2,piping,A3,Fabrication,2026-08-12,2026-08-21,10,,,,2026-08-20,2026-08-31
PIP-A3-PS2-PSE,activity,CGS-EXP-01.A3.PIP.PS2,5,CGS-EXP-01.A3.PIP.PS2,Erection of pipe supports – pipe rack PR-2,piping,A3,Erection,2026-08-24,2026-09-04,12,,,PIP-A3-PS2-FAB:FS+2,,
CGS-EXP-01.A3.PIP.PS3,wbs,CGS-EXP-01.A3.PIP,4,CGS-EXP-01.A3.PIP.PS3,Pipe supports PR-3,piping,A3,,2026-08-15,2026-09-07,24,,,,,
PIP-A3-PS3-FAB,activity,CGS-EXP-01.A3.PIP.PS3,5,CGS-EXP-01.A3.PIP.PS3,Fabrication of pipe supports – pipe rack PR-3,piping,A3,Fabrication,2026-08-15,2026-08-24,10,,,,2026-08-17,2026-08-25
PIP-A3-PS3-PSE,activity,CGS-EXP-01.A3.PIP.PS3,5,CGS-EXP-01.A3.PIP.PS3,Erection of pipe supports – pipe rack PR-3,piping,A3,Erection,2026-08-27,2026-09-07,12,,,PIP-A3-PS3-FAB:FS+2,2026-08-31,
CGS-EXP-01.A3.SEQ,wbs,CGS-EXP-01.A3,3,CGS-EXP-01.A3.SEQ,Static Equipment – A3,static_eq,A3,,2026-08-27,2026-09-15,20,,,,,
CGS-EXP-01.A3.SEQ.E101,wbs,CGS-EXP-01.A3.SEQ,4,CGS-EXP-01.A3.SEQ.E101,E-101 Crude Heat Exchanger,static_eq,A3,,2026-08-27,2026-09-15,20,,,,,
SEQ-A3-E101-RCV,activity,CGS-EXP-01.A3.SEQ.E101,5,CGS-EXP-01.A3.SEQ.E101,Receipt & inspection E-101,static_eq,A3,Receipt,2026-08-27,2026-08-27,1,,,,2026-08-31,2026-08-31
SEQ-A3-E101-ERC,activity,CGS-EXP-01.A3.SEQ.E101,5,CGS-EXP-01.A3.SEQ.E101,Erection of crude heat exchanger E-101 on foundation,static_eq,A3,Erection,2026-08-31,2026-09-01,2,,,SEQ-A3-E101-RCV:FS+3;CIV-A3-E101-RCC:FS+10,,
SEQ-A3-E101-GRT,activity,CGS-EXP-01.A3.SEQ.E101,5,CGS-EXP-01.A3.SEQ.E101,Alignment & grouting E-101,static_eq,A3,Grouting,2026-09-04,2026-09-06,3,,,SEQ-A3-E101-ERC:FS+2,,
SEQ-A3-E101-BOX,activity,CGS-EXP-01.A3.SEQ.E101,5,CGS-EXP-01.A3.SEQ.E101,Final box-up E-101,static_eq,A3,Box-up,2026-09-15,2026-09-15,1,,,SEQ-A3-E101-GRT:FS+8,,
CGS-EXP-01.A3.ROT,wbs,CGS-EXP-01.A3,3,CGS-EXP-01.A3.ROT,Rotating Equipment – A3,rotating_eq,A3,,2026-08-29,2026-10-05,38,,,,,
CGS-EXP-01.A3.ROT.P101A,wbs,CGS-EXP-01.A3.ROT,4,CGS-EXP-01.A3.ROT.P101A,P-101A Crude Transfer Pump,rotating_eq,A3,,2026-09-04,2026-10-03,30,,,,,
ROT-A3-P101A-SET,activity,CGS-EXP-01.A3.ROT.P101A,5,CGS-EXP-01.A3.ROT.P101A,Setting of crude transfer pump P-101A on foundation,rotating_eq,A3,Erection,2026-09-04,2026-09-04,1,,,CIV-A3-P101A-RCC:FS+10,,
ROT-A3-P101A-GRT,activity,CGS-EXP-01.A3.ROT.P101A,5,CGS-EXP-01.A3.ROT.P101A,Grouting pump P-101A,rotating_eq,A3,Grouting,2026-09-07,2026-09-07,1,,,ROT-A3-P101A-SET:FS+2,,
ROT-A3-P101A-ALN,activity,CGS-EXP-01.A3.ROT.P101A,5,CGS-EXP-01.A3.ROT.P101A,Final alignment pump P-101A,rotating_eq,A3,Alignment,2026-09-28,2026-09-29,2,,,ROT-A3-P101A-GRT:FS+20,,
ROT-A3-P101A-SOL,activity,CGS-EXP-01.A3.ROT.P101A,5,CGS-EXP-01.A3.ROT.P101A,Motor solo run P-101A,rotating_eq,A3,Testing,2026-10-03,2026-10-03,1,,,ROT-A3-P101A-ALN:FS+3,,
CGS-EXP-01.A3.ROT.P101B,wbs,CGS-EXP-01.A3.ROT,4,CGS-EXP-01.A3.ROT.P101B,P-101B Crude Transfer Pump,rotating_eq,A3,,2026-08-31,2026-09-29,30,,,,,
ROT-A3-P101B-SET,activity,CGS-EXP-01.A3.ROT.P101B,5,CGS-EXP-01.A3.ROT.P101B,Setting of crude transfer pump P-101B on foundation,rotating_eq,A3,Erection,2026-08-31,2026-08-31,1,,,CIV-A3-P101B-RCC:FS+10,2026-08-31,2026-08-31
ROT-A3-P101B-GRT,activity,CGS-EXP-01.A3.ROT.P101B,5,CGS-EXP-01.A3.ROT.P101B,Grouting pump P-101B,rotating_eq,A3,Grouting,2026-09-03,2026-09-03,1,,,ROT-A3-P101B-SET:FS+2,,
ROT-A3-P101B-ALN,activity,CGS-EXP-01.A3.ROT.P101B,5,CGS-EXP-01.A3.ROT.P101B,Final alignment pump P-101B,rotating_eq,A3,Alignment,2026-09-24,2026-09-25,2,,,ROT-A3-P101B-GRT:FS+20,,
ROT-A3-P101B-SOL,activity,CGS-EXP-01.A3.ROT.P101B,5,CGS-EXP-01.A3.ROT.P101B,Motor solo run P-101B,rotating_eq,A3,Testing,2026-09-29,2026-09-29,1,,,ROT-A3-P101B-ALN:FS+3,,
CGS-EXP-01.A3.ROT.P102A,wbs,CGS-EXP-01.A3.ROT,4,CGS-EXP-01.A3.ROT.P102A,P-102A Produced Water Pump,rotating_eq,A3,,2026-08-29,2026-09-27,30,,,,,
ROT-A3-P102A-SET,activity,CGS-EXP-01.A3.ROT.P102A,5,CGS-EXP-01.A3.ROT.P102A,Setting of produced water pump P-102A on foundation,rotating_eq,A3,Erection,2026-08-29,2026-08-29,1,,,CIV-A3-P102A-RCC:FS+10,,
ROT-A3-P102A-GRT,activity,CGS-EXP-01.A3.ROT.P102A,5,CGS-EXP-01.A3.ROT.P102A,Grouting pump P-102A,rotating_eq,A3,Grouting,2026-09-01,2026-09-01,1,,,ROT-A3-P102A-SET:FS+2,,
ROT-A3-P102A-ALN,activity,CGS-EXP-01.A3.ROT.P102A,5,CGS-EXP-01.A3.ROT.P102A,Final alignment pump P-102A,rotating_eq,A3,Alignment,2026-09-22,2026-09-23,2,,,ROT-A3-P102A-GRT:FS+20,,
ROT-A3-P102A-SOL,activity,CGS-EXP-01.A3.ROT.P102A,5,CGS-EXP-01.A3.ROT.P102A,Motor solo run P-102A,rotating_eq,A3,Testing,2026-09-27,2026-09-27,1,,,ROT-A3-P102A-ALN:FS+3,,
CGS-EXP-01.A3.ROT.P102B,wbs,CGS-EXP-01.A3.ROT,4,CGS-EXP-01.A3.ROT.P102B,P-102B Produced Water Pump,rotating_eq,A3,,2026-09-06,2026-10-05,30,,,,,
ROT-A3-P102B-SET,activity,CGS-EXP-01.A3.ROT.P102B,5,CGS-EXP-01.A3.ROT.P102B,Setting of produced water pump P-102B on foundation,rotating_eq,A3,Erection,2026-09-06,2026-09-06,1,,,CIV-A3-P102B-RCC:FS+10,,
ROT-A3-P102B-GRT,activity,CGS-EXP-01.A3.ROT.P102B,5,CGS-EXP-01.A3.ROT.P102B,Grouting pump P-102B,rotating_eq,A3,Grouting,2026-09-09,2026-09-09,1,,,ROT-A3-P102B-SET:FS+2,,
ROT-A3-P102B-ALN,activity,CGS-EXP-01.A3.ROT.P102B,5,CGS-EXP-01.A3.ROT.P102B,Final alignment pump P-102B,rotating_eq,A3,Alignment,2026-09-30,2026-10-01,2,,,ROT-A3-P102B-GRT:FS+20,,
ROT-A3-P102B-SOL,activity,CGS-EXP-01.A3.ROT.P102B,5,CGS-EXP-01.A3.ROT.P102B,Motor solo run P-102B,rotating_eq,A3,Testing,2026-10-05,2026-10-05,1,,,ROT-A3-P102B-ALN:FS+3,,
CGS-EXP-01.A3.ELE,wbs,CGS-EXP-01.A3,3,CGS-EXP-01.A3.ELE,Electrical – A3,electrical,A3,,2026-08-17,2026-10-11,56,,,,,
CGS-EXP-01.A3.ELE.CLVA3,wbs,CGS-EXP-01.A3.ELE,4,CGS-EXP-01.A3.ELE.CLVA3,LV power cables Area-3,electrical,A3,,2026-09-03,2026-09-28,26,,,,,
ELE-A3-CLVA3-CBL,activity,CGS-EXP-01.A3.ELE.CLVA3,5,CGS-EXP-01.A3.ELE.CLVA3,Cable pulling – LV power cables Area-3,electrical,A3,Cable pulling,2026-09-03,2026-09-18,16,2010,m,,,
ELE-A3-CLVA3-TRM,activity,CGS-EXP-01.A3.ELE.CLVA3,5,CGS-EXP-01.A3.ELE.CLVA3,Glanding & termination – LV power cables Area-3,electrical,A3,Termination,2026-09-08,2026-09-28,21,25,cables,ELE-A3-CLVA3-CBL:SS+5,,
CGS-EXP-01.A3.ELE.ERT3,wbs,CGS-EXP-01.A3.ELE,4,CGS-EXP-01.A3.ELE.ERT3,Earthing Area-3,electrical,A3,,2026-08-24,2026-09-04,12,,,,,
ELE-A3-ERT3-ERT,activity,CGS-EXP-01.A3.ELE.ERT3,5,CGS-EXP-01.A3.ELE.ERT3,"Earthing – earth pits & grid, Area-3",electrical,A3,Earthing,2026-08-24,2026-09-04,12,,,,2026-08-25,
CGS-EXP-01.A3.ELE.TRY3,wbs,CGS-EXP-01.A3.ELE,4,CGS-EXP-01.A3.ELE.TRY3,Cable Tray Area-3,electrical,A3,,2026-08-17,2026-08-31,15,,,,,
ELE-A3-TRY3-TRY,activity,CGS-EXP-01.A3.ELE.TRY3,5,CGS-EXP-01.A3.ELE.TRY3,"Cable tray erection, Area-3",electrical,A3,Erection,2026-08-17,2026-08-31,15,,,,2026-08-17,2026-08-31
CGS-EXP-01.A3.ELE.LGT3,wbs,CGS-EXP-01.A3.ELE,4,CGS-EXP-01.A3.ELE.LGT3,Area Lighting Area-3,electrical,A3,,2026-10-02,2026-10-11,10,,,,,
ELE-A3-LGT3-LGT,activity,CGS-EXP-01.A3.ELE.LGT3,5,CGS-EXP-01.A3.ELE.LGT3,"Area lighting poles & fixtures, Area-3",electrical,A3,Installation,2026-10-02,2026-10-11,10,,,,,
CGS-EXP-01.A3.INS,wbs,CGS-EXP-01.A3,3,CGS-EXP-01.A3.INS,Instrumentation – A3,instrumentation,A3,,2026-08-25,2026-10-17,54,,,,,
CGS-EXP-01.A3.INS.FT2031,wbs,CGS-EXP-01.A3.INS,4,CGS-EXP-01.A3.INS.FT2031,FT-2031 Flow Transmitter,instrumentation,A3,,2026-08-29,2026-09-30,33,,,,,
INS-A3-FT2031-INS,activity,CGS-EXP-01.A3.INS.FT2031,5,CGS-EXP-01.A3.INS.FT2031,Installation of flow transmitter FT-2031,instrumentation,A3,Installation,2026-08-29,2026-08-30,2,,,,2026-08-29,2026-08-31
INS-A3-FT2031-TUB,activity,CGS-EXP-01.A3.INS.FT2031,5,CGS-EXP-01.A3.INS.FT2031,Impulse tubing FT-2031,instrumentation,A3,Tubing,2026-09-02,2026-09-04,3,,,INS-A3-FT2031-INS:FS+2,,
INS-A3-FT2031-LCK,activity,CGS-EXP-01.A3.INS.FT2031,5,CGS-EXP-01.A3.INS.FT2031,Loop check FT-2031,instrumentation,A3,Loop check,2026-09-30,2026-09-30,1,,,INS-A3-FT2031-TUB:FS+25,,
CGS-EXP-01.A3.INS.PT2041,wbs,CGS-EXP-01.A3.INS,4,CGS-EXP-01.A3.INS.PT2041,PT-2041 Pressure Transmitter,instrumentation,A3,,2026-09-07,2026-10-09,33,,,,,
INS-A3-PT2041-INS,activity,CGS-EXP-01.A3.INS.PT2041,5,CGS-EXP-01.A3.INS.PT2041,Installation of pressure transmitter PT-2041,instrumentation,A3,Installation,2026-09-07,2026-09-08,2,,,,,
INS-A3-PT2041-TUB,activity,CGS-EXP-01.A3.INS.PT2041,5,CGS-EXP-01.A3.INS.PT2041,Impulse tubing PT-2041,instrumentation,A3,Tubing,2026-09-11,2026-09-13,3,,,INS-A3-PT2041-INS:FS+2,,
INS-A3-PT2041-LCK,activity,CGS-EXP-01.A3.INS.PT2041,5,CGS-EXP-01.A3.INS.PT2041,Loop check PT-2041,instrumentation,A3,Loop check,2026-10-09,2026-10-09,1,,,INS-A3-PT2041-TUB:FS+25,,
CGS-EXP-01.A3.INS.PT2042,wbs,CGS-EXP-01.A3.INS,4,CGS-EXP-01.A3.INS.PT2042,PT-2042 Pressure Transmitter,instrumentation,A3,,2026-09-15,2026-10-17,33,,,,,
INS-A3-PT2042-INS,activity,CGS-EXP-01.A3.INS.PT2042,5,CGS-EXP-01.A3.INS.PT2042,Installation of pressure transmitter PT-2042,instrumentation,A3,Installation,2026-09-15,2026-09-16,2,,,,,
INS-A3-PT2042-TUB,activity,CGS-EXP-01.A3.INS.PT2042,5,CGS-EXP-01.A3.INS.PT2042,Impulse tubing PT-2042,instrumentation,A3,Tubing,2026-09-19,2026-09-21,3,,,INS-A3-PT2042-INS:FS+2,,
INS-A3-PT2042-LCK,activity,CGS-EXP-01.A3.INS.PT2042,5,CGS-EXP-01.A3.INS.PT2042,Loop check PT-2042,instrumentation,A3,Loop check,2026-10-17,2026-10-17,1,,,INS-A3-PT2042-TUB:FS+25,,
CGS-EXP-01.A3.INS.TT2051,wbs,CGS-EXP-01.A3.INS,4,CGS-EXP-01.A3.INS.TT2051,TT-2051 Temperature Transmitter,instrumentation,A3,,2026-09-15,2026-10-12,28,,,,,
INS-A3-TT2051-INS,activity,CGS-EXP-01.A3.INS.TT2051,5,CGS-EXP-01.A3.INS.TT2051,Installation of temperature transmitter TT-2051,instrumentation,A3,Installation,2026-09-15,2026-09-16,2,,,,,
INS-A3-TT2051-LCK,activity,CGS-EXP-01.A3.INS.TT2051,5,CGS-EXP-01.A3.INS.TT2051,Loop check TT-2051,instrumentation,A3,Loop check,2026-10-12,2026-10-12,1,,,INS-A3-TT2051-INS:FS+25,,
CGS-EXP-01.A3.INS.FT2033,wbs,CGS-EXP-01.A3.INS,4,CGS-EXP-01.A3.INS.FT2033,FT-2033 Flow Transmitter,instrumentation,A3,,2026-09-15,2026-10-17,33,,,,,
INS-A3-FT2033-INS,activity,CGS-EXP-01.A3.INS.FT2033,5,CGS-EXP-01.A3.INS.FT2033,Installation of flow transmitter FT-2033,instrumentation,A3,Installation,2026-09-15,2026-09-16,2,,,,,
INS-A3-FT2033-TUB,activity,CGS-EXP-01.A3.INS.FT2033,5,CGS-EXP-01.A3.INS.FT2033,Impulse tubing FT-2033,instrumentation,A3,Tubing,2026-09-19,2026-09-21,3,,,INS-A3-FT2033-INS:FS+2,,
INS-A3-FT2033-LCK,activity,CGS-EXP-01.A3.INS.FT2033,5,CGS-EXP-01.A3.INS.FT2033,Loop check FT-2033,instrumentation,A3,Loop check,2026-10-17,2026-10-17,1,,,INS-A3-FT2033-TUB:FS+25,,
CGS-EXP-01.A3.INS.JB301,wbs,CGS-EXP-01.A3.INS,4,CGS-EXP-01.A3.INS.JB301,Junction box JB-301,instrumentation,A3,,2026-08-28,2026-08-29,2,,,,,
INS-A3-JB301-INS,activity,CGS-EXP-01.A3.INS.JB301,5,CGS-EXP-01.A3.INS.JB301,Installation of junction box JB-301,instrumentation,A3,Installation,2026-08-28,2026-08-29,2,,,,2026-08-27,2026-08-29
CGS-EXP-01.A3.INS.JB302,wbs,CGS-EXP-01.A3.INS,4,CGS-EXP-01.A3.INS.JB302,Junction box JB-302,instrumentation,A3,,2026-08-25,2026-08-26,2,,,,,
INS-A3-JB302-INS,activity,CGS-EXP-01.A3.INS.JB302,5,CGS-EXP-01.A3.INS.JB302,Installation of junction box JB-302,instrumentation,A3,Installation,2026-08-25,2026-08-26,2,,,,2026-08-26,2026-08-27
CGS-EXP-01.A3.INS.JB303,wbs,CGS-EXP-01.A3.INS,4,CGS-EXP-01.A3.INS.JB303,Junction box JB-303,instrumentation,A3,,2026-08-26,2026-08-27,2,,,,,
INS-A3-JB303-INS,activity,CGS-EXP-01.A3.INS.JB303,5,CGS-EXP-01.A3.INS.JB303,Installation of junction box JB-303,instrumentation,A3,Installation,2026-08-26,2026-08-27,2,,,,2026-08-28,2026-08-29
CGS-EXP-01.A3.INS.JB304,wbs,CGS-EXP-01.A3.INS,4,CGS-EXP-01.A3.INS.JB304,Junction box JB-304,instrumentation,A3,,2026-08-30,2026-08-31,2,,,,,
INS-A3-JB304-INS,activity,CGS-EXP-01.A3.INS.JB304,5,CGS-EXP-01.A3.INS.JB304,Installation of junction box JB-304,instrumentation,A3,Installation,2026-08-30,2026-08-31,2,,,,,
CGS-EXP-01.A3.INS.ICB3,wbs,CGS-EXP-01.A3.INS,4,CGS-EXP-01.A3.INS.ICB3,Instrument cables Area-3,instrumentation,A3,,2026-09-04,2026-09-15,12,,,,,
INS-A3-ICB3-ICB,activity,CGS-EXP-01.A3.INS.ICB3,5,CGS-EXP-01.A3.INS.ICB3,"Instrument cable laying, Area-3",instrumentation,A3,Cable pulling,2026-09-04,2026-09-15,12,,,,,
CGS-EXP-01.A3.HSE,wbs,CGS-EXP-01.A3,3,CGS-EXP-01.A3.HSE,HSE & Fire Protection – A3,hse,A3,,2026-09-02,2026-10-21,50,,,,,
CGS-EXP-01.A3.HSE.GD301,wbs,CGS-EXP-01.A3.HSE,4,CGS-EXP-01.A3.HSE.GD301,Gas detector GD-301,hse,A3,,2026-09-05,2026-09-05,1,,,,,
HSE-A3-GD301-INS,activity,CGS-EXP-01.A3.HSE.GD301,5,CGS-EXP-01.A3.HSE.GD301,Installation of gas detector GD-301,hse,A3,Installation,2026-09-05,2026-09-05,1,,,,,
CGS-EXP-01.A3.HSE.GD302,wbs,CGS-EXP-01.A3.HSE,4,CGS-EXP-01.A3.HSE.GD302,Gas detector GD-302,hse,A3,,2026-09-02,2026-09-02,1,,,,,
HSE-A3-GD302-INS,activity,CGS-EXP-01.A3.HSE.GD302,5,CGS-EXP-01.A3.HSE.GD302,Installation of gas detector GD-302,hse,A3,Installation,2026-09-02,2026-09-02,1,,,,,
CGS-EXP-01.A3.HSE.HYD3,wbs,CGS-EXP-01.A3.HSE,4,CGS-EXP-01.A3.HSE.HYD3,Fire hydrants Area-3,hse,A3,,2026-09-03,2026-09-12,10,,,,,
HSE-A3-HYD3-HYD,activity,CGS-EXP-01.A3.HSE.HYD3,5,CGS-EXP-01.A3.HSE.HYD3,"Fire hydrants & monitors, Area-3",hse,A3,Installation,2026-09-03,2026-09-12,10,,,,,
CGS-EXP-01.A3.HSE.SS301,wbs,CGS-EXP-01.A3.HSE,4,CGS-EXP-01.A3.HSE.SS301,Safety shower SS-301,hse,A3,,2026-09-06,2026-09-07,2,,,,,
HSE-A3-SS301-INS,activity,CGS-EXP-01.A3.HSE.SS301,5,CGS-EXP-01.A3.HSE.SS301,Installation of safety shower & eyewash SS-301,hse,A3,Installation,2026-09-06,2026-09-07,2,,,,,
CGS-EXP-01.A3.HSE.FGL3,wbs,CGS-EXP-01.A3.HSE,4,CGS-EXP-01.A3.HSE.FGL3,F&G loop check Area-3,hse,A3,,2026-10-17,2026-10-21,5,,,,,
HSE-A3-FGL3-FGL,activity,CGS-EXP-01.A3.HSE.FGL3,5,CGS-EXP-01.A3.HSE.FGL3,"F&G system loop check, Area-3",hse,A3,Loop check,2026-10-17,2026-10-21,5,,,,,
CGS-EXP-01.A4,wbs,CGS-EXP-01,2,CGS-EXP-01.A4,A4 – Tank Farm & Utilities,,A4,,2026-07-10,2026-10-16,99,,,,,
CGS-EXP-01.A4.CIV,wbs,CGS-EXP-01.A4,3,CGS-EXP-01.A4.CIV,Civil & Structural – A4,civil,A4,,2026-07-10,2026-09-11,64,,,,,
CGS-EXP-01.A4.CIV.P201A,wbs,CGS-EXP-01.A4.CIV,4,CGS-EXP-01.A4.CIV.P201A,Foundation P-201A (fire water pump),civil,A4,,2026-07-22,2026-08-11,21,,,,,
CIV-A4-P201A-EXC,activity,CGS-EXP-01.A4.CIV.P201A,5,CGS-EXP-01.A4.CIV.P201A,Excavation for foundation P-201A,civil,A4,Excavation,2026-07-22,2026-07-24,3,,,,2026-07-22,2026-07-24
CIV-A4-P201A-PCC,activity,CGS-EXP-01.A4.CIV.P201A,5,CGS-EXP-01.A4.CIV.P201A,PCC for foundation P-201A,civil,A4,PCC,2026-07-25,2026-07-25,1,,,CIV-A4-P201A-EXC:FS+0,2026-07-27,2026-07-27
CIV-A4-P201A-REB,activity,CGS-EXP-01.A4.CIV.P201A,5,CGS-EXP-01.A4.CIV.P201A,Reinforcement & shuttering foundation P-201A,civil,A4,Reinforcement,2026-07-27,2026-07-30,4,,,CIV-A4-P201A-PCC:FS+1,2026-07-29,2026-08-01
CIV-A4-P201A-RCC,activity,CGS-EXP-01.A4.CIV.P201A,5,CGS-EXP-01.A4.CIV.P201A,RCC concreting foundation P-201A,civil,A4,Concreting,2026-07-31,2026-08-01,2,48,cum,CIV-A4-P201A-REB:FS+0,2026-08-03,2026-08-04
CIV-A4-P201A-BKF,activity,CGS-EXP-01.A4.CIV.P201A,5,CGS-EXP-01.A4.CIV.P201A,Backfilling around foundation P-201A,civil,A4,Backfilling,2026-08-09,2026-08-11,3,,,CIV-A4-P201A-RCC:FS+7,2026-08-12,2026-08-14
CGS-EXP-01.A4.CIV.P201B,wbs,CGS-EXP-01.A4.CIV,4,CGS-EXP-01.A4.CIV.P201B,Foundation P-201B (fire water pump),civil,A4,,2026-07-23,2026-08-12,21,,,,,
CIV-A4-P201B-EXC,activity,CGS-EXP-01.A4.CIV.P201B,5,CGS-EXP-01.A4.CIV.P201B,Excavation for foundation P-201B,civil,A4,Excavation,2026-07-23,2026-07-25,3,,,,2026-07-24,2026-07-27
CIV-A4-P201B-PCC,activity,CGS-EXP-01.A4.CIV.P201B,5,CGS-EXP-01.A4.CIV.P201B,PCC for foundation P-201B,civil,A4,PCC,2026-07-26,2026-07-26,1,,,CIV-A4-P201B-EXC:FS+0,2026-07-28,2026-07-28
CIV-A4-P201B-REB,activity,CGS-EXP-01.A4.CIV.P201B,5,CGS-EXP-01.A4.CIV.P201B,Reinforcement & shuttering foundation P-201B,civil,A4,Reinforcement,2026-07-28,2026-07-31,4,,,CIV-A4-P201B-PCC:FS+1,2026-07-30,2026-08-01
CIV-A4-P201B-RCC,activity,CGS-EXP-01.A4.CIV.P201B,5,CGS-EXP-01.A4.CIV.P201B,RCC concreting foundation P-201B,civil,A4,Concreting,2026-08-01,2026-08-02,2,52,cum,CIV-A4-P201B-REB:FS+0,2026-08-03,2026-08-05
CIV-A4-P201B-BKF,activity,CGS-EXP-01.A4.CIV.P201B,5,CGS-EXP-01.A4.CIV.P201B,Backfilling around foundation P-201B,civil,A4,Backfilling,2026-08-10,2026-08-12,3,,,CIV-A4-P201B-RCC:FS+7,2026-08-13,2026-08-15
CGS-EXP-01.A4.CIV.T401,wbs,CGS-EXP-01.A4.CIV,4,CGS-EXP-01.A4.CIV.T401,Foundation T-401 (crude storage tank),civil,A4,,2026-07-12,2026-08-01,21,,,,,
CIV-A4-T401-EXC,activity,CGS-EXP-01.A4.CIV.T401,5,CGS-EXP-01.A4.CIV.T401,Excavation for foundation T-401,civil,A4,Excavation,2026-07-12,2026-07-14,3,,,,2026-07-23,2026-07-27
CIV-A4-T401-PCC,activity,CGS-EXP-01.A4.CIV.T401,5,CGS-EXP-01.A4.CIV.T401,PCC for foundation T-401,civil,A4,PCC,2026-07-15,2026-07-15,1,,,CIV-A4-T401-EXC:FS+0,2026-07-28,2026-07-28
CIV-A4-T401-REB,activity,CGS-EXP-01.A4.CIV.T401,5,CGS-EXP-01.A4.CIV.T401,Reinforcement & shuttering foundation T-401,civil,A4,Reinforcement,2026-07-17,2026-07-20,4,,,CIV-A4-T401-PCC:FS+1,2026-07-30,2026-08-03
CIV-A4-T401-RCC,activity,CGS-EXP-01.A4.CIV.T401,5,CGS-EXP-01.A4.CIV.T401,RCC concreting foundation T-401,civil,A4,Concreting,2026-07-21,2026-07-22,2,42,cum,CIV-A4-T401-REB:FS+0,2026-08-04,2026-08-05
CIV-A4-T401-BKF,activity,CGS-EXP-01.A4.CIV.T401,5,CGS-EXP-01.A4.CIV.T401,Backfilling around foundation T-401,civil,A4,Backfilling,2026-07-30,2026-08-01,3,,,CIV-A4-T401-RCC:FS+7,2026-08-13,2026-08-15
CGS-EXP-01.A4.CIV.T402,wbs,CGS-EXP-01.A4.CIV,4,CGS-EXP-01.A4.CIV.T402,Foundation T-402 (crude storage tank),civil,A4,,2026-07-10,2026-07-30,21,,,,,
CIV-A4-T402-EXC,activity,CGS-EXP-01.A4.CIV.T402,5,CGS-EXP-01.A4.CIV.T402,Excavation for foundation T-402,civil,A4,Excavation,2026-07-10,2026-07-12,3,,,,2026-07-10,2026-07-13
CIV-A4-T402-PCC,activity,CGS-EXP-01.A4.CIV.T402,5,CGS-EXP-01.A4.CIV.T402,PCC for foundation T-402,civil,A4,PCC,2026-07-13,2026-07-13,1,,,CIV-A4-T402-EXC:FS+0,2026-07-14,2026-07-14
CIV-A4-T402-REB,activity,CGS-EXP-01.A4.CIV.T402,5,CGS-EXP-01.A4.CIV.T402,Reinforcement & shuttering foundation T-402,civil,A4,Reinforcement,2026-07-15,2026-07-18,4,,,CIV-A4-T402-PCC:FS+1,2026-07-17,2026-07-21
CIV-A4-T402-RCC,activity,CGS-EXP-01.A4.CIV.T402,5,CGS-EXP-01.A4.CIV.T402,RCC concreting foundation T-402,civil,A4,Concreting,2026-07-19,2026-07-20,2,26,cum,CIV-A4-T402-REB:FS+0,2026-07-23,2026-07-24
CIV-A4-T402-BKF,activity,CGS-EXP-01.A4.CIV.T402,5,CGS-EXP-01.A4.CIV.T402,Backfilling around foundation T-402,civil,A4,Backfilling,2026-07-28,2026-07-30,3,,,CIV-A4-T402-RCC:FS+7,2026-08-03,2026-08-05
CGS-EXP-01.A4.CIV.PR4,wbs,CGS-EXP-01.A4.CIV,4,CGS-EXP-01.A4.CIV.PR4,Pipe rack PR-4,civil,A4,,2026-07-18,2026-08-16,30,,,,,
CIV-A4-PR4-FTG,activity,CGS-EXP-01.A4.CIV.PR4,5,CGS-EXP-01.A4.CIV.PR4,Excavation & PCC for pipe rack PR-4 footings,civil,A4,Excavation,2026-07-18,2026-07-23,6,,,,2026-07-27,2026-08-03
CIV-A4-PR4-PED,activity,CGS-EXP-01.A4.CIV.PR4,5,CGS-EXP-01.A4.CIV.PR4,RCC footings & pedestals pipe rack PR-4,civil,A4,Concreting,2026-07-25,2026-08-01,8,,,CIV-A4-PR4-FTG:FS+1,2026-08-05,2026-08-15
CIV-A4-PR4-STL,activity,CGS-EXP-01.A4.CIV.PR4,5,CGS-EXP-01.A4.CIV.PR4,Structural steel erection pipe rack PR-4,civil,A4,Steel erection,2026-08-07,2026-08-16,10,,,CIV-A4-PR4-PED:FS+5,2026-08-21,2026-08-29
CGS-EXP-01.A4.CIV.SWD4,wbs,CGS-EXP-01.A4.CIV,4,CGS-EXP-01.A4.CIV.SWD4,Storm water drain Area-4,civil,A4,,2026-08-31,2026-09-11,12,,,,,
CIV-A4-SWD4-SWD,activity,CGS-EXP-01.A4.CIV.SWD4,5,CGS-EXP-01.A4.CIV.SWD4,Storm water drain – Area-4,civil,A4,Drainage,2026-08-31,2026-09-11,12,,,,,
CGS-EXP-01.A4.PIP,wbs,CGS-EXP-01.A4,3,CGS-EXP-01.A4.PIP,Piping – A4,piping,A4,,2026-08-07,2026-10-16,71,,,,,
CGS-EXP-01.A4.PIP.1401,wbs,CGS-EXP-01.A4.PIP,4,CGS-EXP-01.A4.PIP.1401,"Line 20""-P-1401-A1A",piping,A4,,2026-09-20,2026-10-16,27,,,,,
PIP-A4-1401-ERC,activity,CGS-EXP-01.A4.PIP.1401,5,CGS-EXP-01.A4.PIP.1401,"Erect piping line 20""-P-1401-A1A",piping,A4,Erection,2026-09-20,2026-10-03,14,9,spools,,,
PIP-A4-1401-WLD,activity,CGS-EXP-01.A4.PIP.1401,5,CGS-EXP-01.A4.PIP.1401,"Welding & NDT line 20""-P-1401-A1A",piping,A4,Welding,2026-09-22,2026-10-08,17,,,PIP-A4-1401-ERC:SS+2,,
PIP-A4-1401-HT,activity,CGS-EXP-01.A4.PIP.1401,5,CGS-EXP-01.A4.PIP.1401,"Hydrotest line 20""-P-1401-A1A (TP-024)",piping,A4,Hydrotest,2026-10-12,2026-10-13,2,,,PIP-A4-1401-WLD:FS+3,,
PIP-A4-1401-RST,activity,CGS-EXP-01.A4.PIP.1401,5,CGS-EXP-01.A4.PIP.1401,"Reinstatement line 20""-P-1401-A1A",piping,A4,Reinstatement,2026-10-15,2026-10-16,2,,,PIP-A4-1401-HT:FS+1,,
CGS-EXP-01.A4.PIP.1403,wbs,CGS-EXP-01.A4.PIP,4,CGS-EXP-01.A4.PIP.1403,"Line 16""-P-1403-A1A",piping,A4,,2026-09-15,2026-10-05,21,,,,,
PIP-A4-1403-ERC,activity,CGS-EXP-01.A4.PIP.1403,5,CGS-EXP-01.A4.PIP.1403,"Erect piping line 16""-P-1403-A1A",piping,A4,Erection,2026-09-15,2026-09-22,8,5,spools,,,
PIP-A4-1403-WLD,activity,CGS-EXP-01.A4.PIP.1403,5,CGS-EXP-01.A4.PIP.1403,"Welding & NDT line 16""-P-1403-A1A",piping,A4,Welding,2026-09-17,2026-09-27,11,,,PIP-A4-1403-ERC:SS+2,,
PIP-A4-1403-HT,activity,CGS-EXP-01.A4.PIP.1403,5,CGS-EXP-01.A4.PIP.1403,"Hydrotest line 16""-P-1403-A1A (TP-025)",piping,A4,Hydrotest,2026-10-01,2026-10-02,2,,,PIP-A4-1403-WLD:FS+3,,
PIP-A4-1403-RST,activity,CGS-EXP-01.A4.PIP.1403,5,CGS-EXP-01.A4.PIP.1403,"Reinstatement line 16""-P-1403-A1A",piping,A4,Reinstatement,2026-10-04,2026-10-05,2,,,PIP-A4-1403-HT:FS+1,,
CGS-EXP-01.A4.PIP.1405,wbs,CGS-EXP-01.A4.PIP,4,CGS-EXP-01.A4.PIP.1405,"Line 10""-W-1405-A1A",piping,A4,,2026-08-30,2026-09-25,27,,,,,
PIP-A4-1405-ERC,activity,CGS-EXP-01.A4.PIP.1405,5,CGS-EXP-01.A4.PIP.1405,"Erect piping line 10""-W-1405-A1A",piping,A4,Erection,2026-08-30,2026-09-12,14,9,spools,,,
PIP-A4-1405-WLD,activity,CGS-EXP-01.A4.PIP.1405,5,CGS-EXP-01.A4.PIP.1405,"Welding & NDT line 10""-W-1405-A1A",piping,A4,Welding,2026-09-01,2026-09-17,17,,,PIP-A4-1405-ERC:SS+2,,
PIP-A4-1405-HT,activity,CGS-EXP-01.A4.PIP.1405,5,CGS-EXP-01.A4.PIP.1405,"Hydrotest line 10""-W-1405-A1A (TP-026)",piping,A4,Hydrotest,2026-09-21,2026-09-22,2,,,PIP-A4-1405-WLD:FS+3,,
PIP-A4-1405-RST,activity,CGS-EXP-01.A4.PIP.1405,5,CGS-EXP-01.A4.PIP.1405,"Reinstatement line 10""-W-1405-A1A",piping,A4,Reinstatement,2026-09-24,2026-09-25,2,,,PIP-A4-1405-HT:FS+1,,
CGS-EXP-01.A4.PIP.1407,wbs,CGS-EXP-01.A4.PIP,4,CGS-EXP-01.A4.PIP.1407,"Line 8""-F-1407-F1A",piping,A4,,2026-08-16,2026-09-11,27,,,,,
PIP-A4-1407-ERC,activity,CGS-EXP-01.A4.PIP.1407,5,CGS-EXP-01.A4.PIP.1407,"Erect piping line 8""-F-1407-F1A",piping,A4,Erection,2026-08-16,2026-08-29,14,9,spools,,2026-08-17,
PIP-A4-1407-WLD,activity,CGS-EXP-01.A4.PIP.1407,5,CGS-EXP-01.A4.PIP.1407,"Welding & NDT line 8""-F-1407-F1A",piping,A4,Welding,2026-08-18,2026-09-03,17,,,PIP-A4-1407-ERC:SS+2,2026-08-19,
PIP-A4-1407-HT,activity,CGS-EXP-01.A4.PIP.1407,5,CGS-EXP-01.A4.PIP.1407,"Hydrotest line 8""-F-1407-F1A (TP-027)",piping,A4,Hydrotest,2026-09-07,2026-09-08,2,,,PIP-A4-1407-WLD:FS+3,,
PIP-A4-1407-RST,activity,CGS-EXP-01.A4.PIP.1407,5,CGS-EXP-01.A4.PIP.1407,"Reinstatement line 8""-F-1407-F1A",piping,A4,Reinstatement,2026-09-10,2026-09-11,2,,,PIP-A4-1407-HT:FS+1,,
CGS-EXP-01.A4.PIP.PS4,wbs,CGS-EXP-01.A4.PIP,4,CGS-EXP-01.A4.PIP.PS4,Pipe supports PR-4,piping,A4,,2026-08-07,2026-08-30,24,,,,,
PIP-A4-PS4-FAB,activity,CGS-EXP-01.A4.PIP.PS4,5,CGS-EXP-01.A4.PIP.PS4,Fabrication of pipe supports – pipe rack PR-4,piping,A4,Fabrication,2026-08-07,2026-08-16,10,,,,2026-08-07,2026-08-17
PIP-A4-PS4-PSE,activity,CGS-EXP-01.A4.PIP.PS4,5,CGS-EXP-01.A4.PIP.PS4,Erection of pipe supports – pipe rack PR-4,piping,A4,Erection,2026-08-19,2026-08-30,12,,,PIP-A4-PS4-FAB:FS+2,2026-08-20,
CGS-EXP-01.A4.SEQ,wbs,CGS-EXP-01.A4,3,CGS-EXP-01.A4.SEQ,Static Equipment – A4,static_eq,A4,,2026-08-02,2026-10-10,70,,,,,
CGS-EXP-01.A4.SEQ.T401,wbs,CGS-EXP-01.A4.SEQ,4,CGS-EXP-01.A4.SEQ.T401,T-401 Crude Storage Tank,static_eq,A4,,2026-08-04,2026-10-10,68,,,,,
SEQ-A4-T401,summary,CGS-EXP-01.A4.SEQ.T401,5,CGS-EXP-01.A4.SEQ.T401,Mechanical erection T-401,static_eq,A4,,2026-08-04,2026-10-10,68,,,,,
SEQ-A4-T401-BTM,activity,SEQ-A4-T401,6,CGS-EXP-01.A4.SEQ.T401,Annular & bottom plate laying T-401,static_eq,A4,Plate laying,2026-08-04,2026-08-13,10,,,CIV-A4-T401-BKF:FS+2,2026-08-18,2026-08-28
SEQ-A4-T401-SH1,activity,SEQ-A4-T401,6,CGS-EXP-01.A4.SEQ.T401,Shell erection courses 1–3 T-401,static_eq,A4,Shell erection,2026-08-15,2026-08-29,15,,,SEQ-A4-T401-BTM:FS+1,2026-08-31,
SEQ-A4-T401-SH2,activity,SEQ-A4-T401,6,CGS-EXP-01.A4.SEQ.T401,Shell erection courses 4–6 T-401,static_eq,A4,Shell erection,2026-08-31,2026-09-14,15,,,SEQ-A4-T401-SH1:FS+1,,
SEQ-A4-T401-ROF,activity,SEQ-A4-T401,6,CGS-EXP-01.A4.SEQ.T401,Roof structure & sheeting T-401,static_eq,A4,Roof erection,2026-09-17,2026-09-28,12,,,SEQ-A4-T401-SH2:FS+2,,
SEQ-A4-T401-HT,activity,SEQ-A4-T401,6,CGS-EXP-01.A4.SEQ.T401,Tank hydrotest T-401,static_eq,A4,Hydrotest,2026-10-04,2026-10-10,7,,,SEQ-A4-T401-ROF:FS+5,,
CGS-EXP-01.A4.SEQ.T402,wbs,CGS-EXP-01.A4.SEQ,4,CGS-EXP-01.A4.SEQ.T402,T-402 Crude Storage Tank,static_eq,A4,,2026-08-02,2026-10-08,68,,,,,
SEQ-A4-T402,summary,CGS-EXP-01.A4.SEQ.T402,5,CGS-EXP-01.A4.SEQ.T402,Mechanical erection T-402,static_eq,A4,,2026-08-02,2026-10-08,68,,,,,
SEQ-A4-T402-BTM,activity,SEQ-A4-T402,6,CGS-EXP-01.A4.SEQ.T402,Annular & bottom plate laying T-402,static_eq,A4,Plate laying,2026-08-02,2026-08-11,10,,,CIV-A4-T402-BKF:FS+2,2026-08-13,2026-08-26
SEQ-A4-T402-SH1,activity,SEQ-A4-T402,6,CGS-EXP-01.A4.SEQ.T402,Shell erection courses 1–3 T-402,static_eq,A4,Shell erection,2026-08-13,2026-08-27,15,,,SEQ-A4-T402-BTM:FS+1,2026-08-28,
SEQ-A4-T402-SH2,activity,SEQ-A4-T402,6,CGS-EXP-01.A4.SEQ.T402,Shell erection courses 4–6 T-402,static_eq,A4,Shell erection,2026-08-29,2026-09-12,15,,,SEQ-A4-T402-SH1:FS+1,,
SEQ-A4-T402-ROF,activity,SEQ-A4-T402,6,CGS-EXP-01.A4.SEQ.T402,Roof structure & sheeting T-402,static_eq,A4,Roof erection,2026-09-15,2026-09-26,12,,,SEQ-A4-T402-SH2:FS+2,,
SEQ-A4-T402-HT,activity,SEQ-A4-T402,6,CGS-EXP-01.A4.SEQ.T402,Tank hydrotest T-402,static_eq,A4,Hydrotest,2026-10-02,2026-10-08,7,,,SEQ-A4-T402-ROF:FS+5,,
CGS-EXP-01.A4.ROT,wbs,CGS-EXP-01.A4,3,CGS-EXP-01.A4.ROT,Rotating Equipment – A4,rotating_eq,A4,,2026-08-29,2026-10-07,40,,,,,
CGS-EXP-01.A4.ROT.P201A,wbs,CGS-EXP-01.A4.ROT,4,CGS-EXP-01.A4.ROT.P201A,P-201A Fire Water Pump,rotating_eq,A4,,2026-09-08,2026-10-07,30,,,,,
ROT-A4-P201A-SET,activity,CGS-EXP-01.A4.ROT.P201A,5,CGS-EXP-01.A4.ROT.P201A,Setting of fire water pump P-201A on foundation,rotating_eq,A4,Erection,2026-09-08,2026-09-08,1,,,CIV-A4-P201A-RCC:FS+10,,
ROT-A4-P201A-GRT,activity,CGS-EXP-01.A4.ROT.P201A,5,CGS-EXP-01.A4.ROT.P201A,Grouting pump P-201A,rotating_eq,A4,Grouting,2026-09-11,2026-09-11,1,,,ROT-A4-P201A-SET:FS+2,,
ROT-A4-P201A-ALN,activity,CGS-EXP-01.A4.ROT.P201A,5,CGS-EXP-01.A4.ROT.P201A,Final alignment pump P-201A,rotating_eq,A4,Alignment,2026-10-02,2026-10-03,2,,,ROT-A4-P201A-GRT:FS+20,,
ROT-A4-P201A-SOL,activity,CGS-EXP-01.A4.ROT.P201A,5,CGS-EXP-01.A4.ROT.P201A,Motor solo run P-201A,rotating_eq,A4,Testing,2026-10-07,2026-10-07,1,,,ROT-A4-P201A-ALN:FS+3,,
CGS-EXP-01.A4.ROT.P201B,wbs,CGS-EXP-01.A4.ROT,4,CGS-EXP-01.A4.ROT.P201B,P-201B Fire Water Pump,rotating_eq,A4,,2026-08-29,2026-09-27,30,,,,,
ROT-A4-P201B-SET,activity,CGS-EXP-01.A4.ROT.P201B,5,CGS-EXP-01.A4.ROT.P201B,Setting of fire water pump P-201B on foundation,rotating_eq,A4,Erection,2026-08-29,2026-08-29,1,,,CIV-A4-P201B-RCC:FS+10,,
ROT-A4-P201B-GRT,activity,CGS-EXP-01.A4.ROT.P201B,5,CGS-EXP-01.A4.ROT.P201B,Grouting pump P-201B,rotating_eq,A4,Grouting,2026-09-01,2026-09-01,1,,,ROT-A4-P201B-SET:FS+2,,
ROT-A4-P201B-ALN,activity,CGS-EXP-01.A4.ROT.P201B,5,CGS-EXP-01.A4.ROT.P201B,Final alignment pump P-201B,rotating_eq,A4,Alignment,2026-09-22,2026-09-23,2,,,ROT-A4-P201B-GRT:FS+20,,
ROT-A4-P201B-SOL,activity,CGS-EXP-01.A4.ROT.P201B,5,CGS-EXP-01.A4.ROT.P201B,Motor solo run P-201B,rotating_eq,A4,Testing,2026-09-27,2026-09-27,1,,,ROT-A4-P201B-ALN:FS+3,,
CGS-EXP-01.A4.ELE,wbs,CGS-EXP-01.A4,3,CGS-EXP-01.A4.ELE,Electrical – A4,electrical,A4,,2026-08-16,2026-10-04,50,,,,,
CGS-EXP-01.A4.ELE.CLVA4,wbs,CGS-EXP-01.A4.ELE,4,CGS-EXP-01.A4.ELE.CLVA4,LV power cables Area-4,electrical,A4,,2026-09-09,2026-10-04,26,,,,,
ELE-A4-CLVA4-CBL,activity,CGS-EXP-01.A4.ELE.CLVA4,5,CGS-EXP-01.A4.ELE.CLVA4,Cable pulling – LV power cables Area-4,electrical,A4,Cable pulling,2026-09-09,2026-09-24,16,1925,m,,,
ELE-A4-CLVA4-TRM,activity,CGS-EXP-01.A4.ELE.CLVA4,5,CGS-EXP-01.A4.ELE.CLVA4,Glanding & termination – LV power cables Area-4,electrical,A4,Termination,2026-09-14,2026-10-04,21,19,cables,ELE-A4-CLVA4-CBL:SS+5,,
CGS-EXP-01.A4.ELE.ERT4,wbs,CGS-EXP-01.A4.ELE,4,CGS-EXP-01.A4.ELE.ERT4,Earthing Area-4,electrical,A4,,2026-08-17,2026-08-28,12,,,,,
ELE-A4-ERT4-ERT,activity,CGS-EXP-01.A4.ELE.ERT4,5,CGS-EXP-01.A4.ELE.ERT4,"Earthing – earth pits & grid, Area-4",electrical,A4,Earthing,2026-08-17,2026-08-28,12,,,,2026-08-15,2026-08-27
CGS-EXP-01.A4.ELE.TRY4,wbs,CGS-EXP-01.A4.ELE,4,CGS-EXP-01.A4.ELE.TRY4,Cable Tray Area-4,electrical,A4,,2026-08-16,2026-08-30,15,,,,,
ELE-A4-TRY4-TRY,activity,CGS-EXP-01.A4.ELE.TRY4,5,CGS-EXP-01.A4.ELE.TRY4,"Cable tray erection, Area-4",electrical,A4,Erection,2026-08-16,2026-08-30,15,,,,2026-08-17,2026-08-29
CGS-EXP-01.A4.ELE.LGT4,wbs,CGS-EXP-01.A4.ELE,4,CGS-EXP-01.A4.ELE.LGT4,Area Lighting Area-4,electrical,A4,,2026-09-19,2026-09-28,10,,,,,
ELE-A4-LGT4-LGT,activity,CGS-EXP-01.A4.ELE.LGT4,5,CGS-EXP-01.A4.ELE.LGT4,"Area lighting poles & fixtures, Area-4",electrical,A4,Installation,2026-09-19,2026-09-28,10,,,,,
CGS-EXP-01.A4.INS,wbs,CGS-EXP-01.A4,3,CGS-EXP-01.A4.INS,Instrumentation – A4,instrumentation,A4,,2026-08-25,2026-10-15,52,,,,,
CGS-EXP-01.A4.INS.LT4011,wbs,CGS-EXP-01.A4.INS,4,CGS-EXP-01.A4.INS.LT4011,LT-4011 Level Transmitter,instrumentation,A4,,2026-08-28,2026-09-29,33,,,,,
INS-A4-LT4011-INS,activity,CGS-EXP-01.A4.INS.LT4011,5,CGS-EXP-01.A4.INS.LT4011,Installation of level transmitter LT-4011,instrumentation,A4,Installation,2026-08-28,2026-08-29,2,,,,2026-08-31,
INS-A4-LT4011-TUB,activity,CGS-EXP-01.A4.INS.LT4011,5,CGS-EXP-01.A4.INS.LT4011,Impulse tubing LT-4011,instrumentation,A4,Tubing,2026-09-01,2026-09-03,3,,,INS-A4-LT4011-INS:FS+2,,
INS-A4-LT4011-LCK,activity,CGS-EXP-01.A4.INS.LT4011,5,CGS-EXP-01.A4.INS.LT4011,Loop check LT-4011,instrumentation,A4,Loop check,2026-09-29,2026-09-29,1,,,INS-A4-LT4011-TUB:FS+25,,
CGS-EXP-01.A4.INS.LT4012,wbs,CGS-EXP-01.A4.INS,4,CGS-EXP-01.A4.INS.LT4012,LT-4012 Level Transmitter,instrumentation,A4,,2026-09-13,2026-10-15,33,,,,,
INS-A4-LT4012-INS,activity,CGS-EXP-01.A4.INS.LT4012,5,CGS-EXP-01.A4.INS.LT4012,Installation of level transmitter LT-4012,instrumentation,A4,Installation,2026-09-13,2026-09-14,2,,,,,
INS-A4-LT4012-TUB,activity,CGS-EXP-01.A4.INS.LT4012,5,CGS-EXP-01.A4.INS.LT4012,Impulse tubing LT-4012,instrumentation,A4,Tubing,2026-09-17,2026-09-19,3,,,INS-A4-LT4012-INS:FS+2,,
INS-A4-LT4012-LCK,activity,CGS-EXP-01.A4.INS.LT4012,5,CGS-EXP-01.A4.INS.LT4012,Loop check LT-4012,instrumentation,A4,Loop check,2026-10-15,2026-10-15,1,,,INS-A4-LT4012-TUB:FS+25,,
CGS-EXP-01.A4.INS.TT4013,wbs,CGS-EXP-01.A4.INS,4,CGS-EXP-01.A4.INS.TT4013,TT-4013 Temperature Transmitter,instrumentation,A4,,2026-09-13,2026-10-10,28,,,,,
INS-A4-TT4013-INS,activity,CGS-EXP-01.A4.INS.TT4013,5,CGS-EXP-01.A4.INS.TT4013,Installation of temperature transmitter TT-4013,instrumentation,A4,Installation,2026-09-13,2026-09-14,2,,,,,
INS-A4-TT4013-LCK,activity,CGS-EXP-01.A4.INS.TT4013,5,CGS-EXP-01.A4.INS.TT4013,Loop check TT-4013,instrumentation,A4,Loop check,2026-10-10,2026-10-10,1,,,INS-A4-TT4013-INS:FS+25,,
CGS-EXP-01.A4.INS.JB401,wbs,CGS-EXP-01.A4.INS,4,CGS-EXP-01.A4.INS.JB401,Junction box JB-401,instrumentation,A4,,2026-08-25,2026-08-26,2,,,,,
INS-A4-JB401-INS,activity,CGS-EXP-01.A4.INS.JB401,5,CGS-EXP-01.A4.INS.JB401,Installation of junction box JB-401,instrumentation,A4,Installation,2026-08-25,2026-08-26,2,,,,,
CGS-EXP-01.A4.INS.ICB4,wbs,CGS-EXP-01.A4.INS,4,CGS-EXP-01.A4.INS.ICB4,Instrument cables Area-4,instrumentation,A4,,2026-09-12,2026-09-23,12,,,,,
INS-A4-ICB4-ICB,activity,CGS-EXP-01.A4.INS.ICB4,5,CGS-EXP-01.A4.INS.ICB4,"Instrument cable laying, Area-4",instrumentation,A4,Cable pulling,2026-09-12,2026-09-23,12,,,,,
CGS-EXP-01.A4.HSE,wbs,CGS-EXP-01.A4,3,CGS-EXP-01.A4.HSE,HSE & Fire Protection – A4,hse,A4,,2026-09-12,2026-09-21,10,,,,,
CGS-EXP-01.A4.HSE.HYD4,wbs,CGS-EXP-01.A4.HSE,4,CGS-EXP-01.A4.HSE.HYD4,Fire hydrants Area-4,hse,A4,,2026-09-12,2026-09-21,10,,,,,
HSE-A4-HYD4-HYD,activity,CGS-EXP-01.A4.HSE.HYD4,5,CGS-EXP-01.A4.HSE.HYD4,"Fire hydrants & monitors, Area-4",hse,A4,Installation,2026-09-12,2026-09-21,10,,,,,
