event_key,activity_id,event_type,event_date,event_time,quantity,unit,delay_category,n_items
EV-0001,CIV-A4-SWD4-SWD,start,2026-09-01,,,,,1
EV-0002,ELE-A2-CMCC1-CBL,start,2026-09-01,10:00,,,,1
EV-0003,ELE-A2-CMCC1-CBL,progress,2026-09-01,,210,m,,2
EV-0004,HSE-A3-GD302-INS,start,2026-09-01,,,,,0
EV-0005,HSE-A3-GD302-INS,finish,2026-09-01,,,,,1
EV-0006,INS-A1-LT1103-TUB,start,2026-09-01,08:30,,,,1
EV-0007,INS-A1-PT1104-INS,finish,2026-09-01,,,,,2
EV-0008,INS-A3-JB304-INS,start,2026-09-01,,,,,1
EV-0009,INS-A4-JB401-INS,start,2026-09-01,,,,,1
EV-0010,INS-A4-LT4011-INS,finish,2026-09-01,,,,,2
EV-0011,PIP-A1-PS1-PSE,progress,2026-09-01,,,,,1
EV-0012,PIP-A3-1217-WLD,progress,2026-09-01,,,,,1
EV-0013,PIP-A4-1407-ERC,progress,2026-09-01,,1,spools,,1
EV-0014,PIP-A4-1407-ERC,finish,2026-09-01,,,,,1
EV-0015,PIP-A4-1407-WLD,hold,2026-09-01,,,,material,1
EV-0016,ROT-A4-P201B-SET,start,2026-09-01,,,,,0
EV-0017,ROT-A4-P201B-SET,finish,2026-09-01,,,,,1
EV-0018,CIV-A1-V103-REB,start,2026-09-02,,,,,1
EV-0019,CIV-A2-CTN-WAL,start,2026-09-02,09:30,,,,1
EV-0020,CIV-A3-P102A-BKF,finish,2026-09-02,,,,,1
EV-0021,CIV-A3-P102B-BKF,progress,2026-09-02,,,,,1
EV-0022,CIV-A3-PR3-PED,hold,2026-09-02,,,,weather,1
EV-0023,ELE-A1-TRY1-TRY,progress,2026-09-02,,,,,1
EV-0024,ELE-A2-CMCC1-CBL,progress,2026-09-02,,255,m,,2
EV-0025,ELE-A2-CMCC2-TRM,start,2026-09-02,,,,,1
EV-0026,ELE-A2-CMCC2-TRM,progress,2026-09-02,,1,cables,,0
EV-0027,HSE-A2-FAP1-INS,start,2026-09-02,,,,,1
EV-0028,INS-A1-LT1103-TUB,progress,2026-09-02,,,,,1
EV-0029,INS-A2-DCS-DCS,progress,2026-09-02,,,,,1
EV-0030,INS-A3-ICB3-ICB,start,2026-09-02,09:30,,,,1
EV-0031,INS-A3-JB304-INS,finish,2026-09-02,,,,,1
EV-0032,INS-A4-JB401-INS,finish,2026-09-02,,,,,1
EV-0033,PIP-A1-1105-WLD,start,2026-09-02,,,,,1
EV-0034,PIP-A3-1211-ERC,progress,2026-09-02,,1,spools,,2
EV-0035,PIP-A3-1217-ERC,progress,2026-09-02,,1,spools,,1
EV-0036,PIP-A4-PS4-PSE,finish,2026-09-02,,,,,1
EV-0037,ROT-A3-P102A-SET,start,2026-09-02,,,,,0
EV-0038,ROT-A3-P102A-SET,finish,2026-09-02,,,,,1
EV-0039,CIV-A1-V103-REB,progress,2026-09-03,,,,,1
EV-0040,CIV-A3-P102B-BKF,finish,2026-09-03,,,,,1
EV-0041,CIV-A3-SWD3-SWD,start,2026-09-03,,,,,1
EV-0042,ELE-A1-TRY1-TRY,finish,2026-09-03,,,,,1
EV-0043,ELE-A2-CMCC1-CBL,progress,2026-09-03,,135,m,,4
EV-0044,ELE-A2-CMCC2-CBL,progress,2026-09-03,,85,m,,1
EV-0045,ELE-A2-CMCC2-TRM,progress,2026-09-03,,2,cables,,0
EV-0046,ELE-A2-ERT2-ERT,progress,2026-09-03,,,,,1
EV-0047,ELE-A2-PCC1-INS,finish,2026-09-03,,,,,0
EV-0048,HSE-A3-GD301-INS,start,2026-09-03,,,,,0
EV-0049,HSE-A3-GD301-INS,finish,2026-09-03,,,,,1
EV-0050,INS-A1-LT1103-TUB,finish,2026-09-03,,,,,1
EV-0051,PIP-A3-1211-WLD,start,2026-09-03,,,,,1
EV-0052,PIP-A3-1215-ERC,start,2026-09-03,,,,,0
EV-0053,PIP-A3-1215-ERC,progress,2026-09-03,,2,spools,,3
EV-0054,PIP-A3-1217-ERC,progress,2026-09-03,,1,spools,,2
EV-0055,PIP-A3-1217-WLD,hold,2026-09-03,,,,material,1
EV-0056,PIP-A3-PS2-PSE,start,2026-09-03,,,,,1
EV-0057,PIP-A4-1407-WLD,resume,2026-09-03,,,,,1
EV-0058,ROT-A1-K301-GRT,start,2026-09-03,10:00,,,,1
EV-0059,ROT-A3-P101A-SET,start,2026-09-03,,,,,0
EV-0060,ROT-A3-P101A-SET,finish,2026-09-03,,,,,1
EV-0061,SEQ-A4-T401-SH1,progress,2026-09-03,,1,rings,,1
EV-0062,CIV-A1-V101-EXC,start,2026-09-04,10:00,,,,1
EV-0063,CIV-A1-V103-REB,progress,2026-09-04,,,,,1
EV-0064,ELE-A2-CMCC1-CBL,progress,2026-09-04,,155,m,,2
EV-0065,ELE-A2-HTSWBD1-INS,start,2026-09-04,,,,,1
EV-0066,ELE-A3-ERT3-ERT,finish,2026-09-04,,,,,1
EV-0067,HSE-A2-FAP1-INS,finish,2026-09-04,,,,,1
EV-0068,INS-A1-PT1104-TUB,start,2026-09-04,,,,,0
EV-0069,INS-A3-FT2031-TUB,start,2026-09-04,,,,,0
EV-0070,INS-A4-LT4011-TUB,start,2026-09-04,10:00,,,,1
EV-0071,PIP-A1-1105-ERC,progress,2026-09-04,,1,spools,,2
EV-0072,PIP-A1-1105-WLD,progress,2026-09-04,,,,,1
EV-0073,PIP-A3-1211-ERC,progress,2026-09-04,,1,spools,,1
EV-0074,PIP-A3-1211-WLD,progress,2026-09-04,,,,,1
EV-0075,PIP-A3-1215-ERC,progress,2026-09-04,,1,spools,,2
EV-0076,PIP-A3-1217-ERC,progress,2026-09-04,,1,spools,,2
EV-0077,ROT-A3-P101B-GRT,start,2026-09-04,,,,,0
EV-0078,ROT-A3-P101B-GRT,finish,2026-09-04,,,,,1
EV-0079,SEQ-A3-E101-ERC,start,2026-09-04,,,,,1
EV-0080,CIV-A2-CTS-EXC,progress,2026-09-05,,,,,1
EV-0081,CIV-A2-SSB-BRK,hold,2026-09-05,,,,weather,0
EV-0082,CIV-A3-PR3-PED,resume,2026-09-05,,,,,1
EV-0083,CIV-A3-PR3-PED,finish,2026-09-05,,,,,1
EV-0084,ELE-A2-CMCC1-CBL,hold,2026-09-05,,,,material,1
EV-0085,ELE-A2-CMCC2-CBL,progress,2026-09-05,,415,m,,3
EV-0086,ELE-A2-CMCC2-TRM,progress,2026-09-05,,1,cables,,2
EV-0087,ELE-A2-HTSWBD1-INS,hold,2026-09-05,,,,design,1
EV-0088,INS-A1-TT1105-INS,start,2026-09-05,14:00,,,,1
EV-0089,INS-A3-FT2031-TUB,progress,2026-09-05,,,,,1
EV-0090,PIP-A1-1105-ERC,progress,2026-09-05,,2,spools,,2
EV-0091,PIP-A1-PS1-PSE,progress,2026-09-05,,,,,1
EV-0092,PIP-A3-1211-WLD,progress,2026-09-05,,,,,1
EV-0093,PIP-A3-1215-ERC,progress,2026-09-05,,1,spools,,2
EV-0094,PIP-A3-1217-ERC,progress,2026-09-05,,1,spools,,1
EV-0095,PIP-A3-1217-ERC,finish,2026-09-05,,,,,1
EV-0096,PIP-A3-1217-WLD,resume,2026-09-05,,,,,1
EV-0097,PIP-A4-1405-ERC,start,2026-09-05,,,,,1
EV-0098,PIP-A4-1405-ERC,progress,2026-09-05,,3,spools,,3
EV-0099,PIP-A4-1407-WLD,finish,2026-09-05,,,,,1
EV-0100,ROT-A1-K301-GRT,finish,2026-09-05,,,,,1
EV-0101,ROT-A4-P201B-GRT,start,2026-09-05,,,,,0
EV-0102,ROT-A4-P201B-GRT,finish,2026-09-05,,,,,1
EV-0103,CIV-A1-V101-EXC,finish,2026-09-07,,,,,1
EV-0104,CIV-A1-V103-REB,finish,2026-09-07,,,,,1
EV-0105,CIV-A2-CTS-EXC,finish,2026-09-07,,,,,1
EV-0106,ELE-A1-ERT1-ERT,start,2026-09-07,10:00,,,,1
EV-0107,ELE-A2-CMCC1-TRM,start,2026-09-07,,,,,0
EV-0108,ELE-A2-CMCC1-TRM,progress,2026-09-07,,3,cables,,4
EV-0109,ELE-A2-ERT2-ERT,finish,2026-09-07,,,,,1
EV-0110,HSE-A3-HYD3-HYD,start,2026-09-07,,,,,1
EV-0111,INS-A1-PT1104-TUB,hold,2026-09-07,,,,design,1
EV-0112,INS-A1-TT1105-INS,finish,2026-09-07,,,,,1
EV-0113,INS-A2-DCS-DCS,finish,2026-09-07,,,,,1
EV-0114,INS-A3-FT2031-TUB,finish,2026-09-07,,,,,1
EV-0115,INS-A4-LT4011-TUB,finish,2026-09-07,,,,,2
EV-0116,PIP-A1-1105-ERC,progress,2026-09-07,,2,spools,,2
EV-0117,PIP-A1-1105-ERC,finish,2026-09-07,,,,,1
EV-0118,PIP-A3-1203-ERC,start,2026-09-07,,,,,1
EV-0119,PIP-A3-1203-ERC,progress,2026-09-07,,1,spools,,1
EV-0120,PIP-A3-1211-ERC,progress,2026-09-07,,1,spools,,2
EV-0121,PIP-A3-1211-ERC,finish,2026-09-07,,,,,1
EV-0122,PIP-A3-1215-WLD,start,2026-09-07,14:00,,,,1
EV-0123,PIP-A3-PS2-PSE,progress,2026-09-07,,,,,1
EV-0124,PIP-A4-1405-WLD,start,2026-09-07,,,,,1
EV-0125,ROT-A3-P101A-GRT,start,2026-09-07,,,,,0
EV-0126,ROT-A3-P101A-GRT,finish,2026-09-07,,,,,1
EV-0127,ROT-A3-P102A-GRT,start,2026-09-07,,,,,0
EV-0128,ROT-A3-P102A-GRT,finish,2026-09-07,,,,,1
EV-0129,SEQ-A3-E101-ERC,finish,2026-09-07,,,,,1
EV-0130,CIV-A1-V101-PCC,start,2026-09-08,,,,,0
EV-0131,CIV-A1-V101-PCC,finish,2026-09-08,,,,,1
EV-0132,CIV-A1-V102-BKF,start,2026-09-08,,,,,1
EV-0133,CIV-A1-V103-RCC,start,2026-09-08,,,,,1
EV-0134,CIV-A2-SSB-BRK,resume,2026-09-08,,,,,1
EV-0135,ELE-A2-CMCC1-TRM,progress,2026-09-08,,1,cables,,2
EV-0136,ELE-A2-CMCC2-CBL,progress,2026-09-08,,120,m,,3
EV-0137,HSE-A1-HYD1-HYD,start,2026-09-08,,,,,1
EV-0138,PIP-A3-1207-ERC,start,2026-09-08,,,,,1
EV-0139,PIP-A3-1207-ERC,progress,2026-09-08,,1,spools,,1
EV-0140,PIP-A3-1211-WLD,progress,2026-09-08,,,,,1
EV-0141,PIP-A3-1215-ERC,progress,2026-09-08,,1,spools,,2
EV-0142,PIP-A3-PS2-PSE,progress,2026-09-08,,,,,1
EV-0143,PIP-A3-PS3-PSE,progress,2026-09-08,,,,,1
EV-0144,PIP-A4-1405-ERC,progress,2026-09-08,,1,spools,,2
EV-0145,PIP-A4-1405-WLD,progress,2026-09-08,,,,,1
EV-0146,CIV-A1-V102-BKF,finish,2026-09-09,,,,,1
EV-0147,CIV-A1-V103-RCC,finish,2026-09-09,,,,,0
EV-0148,CIV-A2-CTN-WAL,finish,2026-09-09,,,,,1
EV-0149,CIV-A2-CTS-WAL,start,2026-09-09,10:00,,,,1
EV-0150,CIV-A4-SWD4-SWD,progress,2026-09-09,,,,,1
EV-0151,ELE-A1-CLVA1-CBL,start,2026-09-09,,,,,1
EV-0152,ELE-A1-CLVA1-CBL,progress,2026-09-09,,65,m,,1
EV-0153,ELE-A2-CMCC1-CBL,progress,2026-09-09,,60,m,,1
EV-0154,ELE-A2-CMCC1-CBL,resume,2026-09-09,,,,,1
EV-0155,ELE-A2-CMCC1-TRM,progress,2026-09-09,,2,cables,,3
EV-0156,ELE-A2-HTSWBD1-INS,resume,2026-09-09,,,,,1
EV-0157,ELE-A2-MCC1-INS,start,2026-09-09,,,,,1
EV-0158,ELE-A3-CLVA3-CBL,start,2026-09-09,,,,,1
EV-0159,ELE-A3-CLVA3-CBL,progress,2026-09-09,,30,m,,1
EV-0160,HSE-A1-WS1-INS,start,2026-09-09,,,,,0
EV-0161,HSE-A1-WS1-INS,finish,2026-09-09,,,,,1
EV-0162,INS-A1-PT1104-TUB,resume,2026-09-09,,,,,1
EV-0163,INS-A1-PT1104-TUB,finish,2026-09-09,,,,,2
EV-0164,PIP-A3-1203-ERC,progress,2026-09-09,,2,spools,,3
EV-0165,PIP-A3-1217-WLD,progress,2026-09-09,,,,,1
EV-0166,PIP-A3-PS3-PSE,finish,2026-09-09,,,,,1
EV-0167,PIP-A4-1405-ERC,progress,2026-09-09,,1,spools,,2
EV-0168,CIV-A1-V101-REB,start,2026-09-10,10:00,,,,1
EV-0169,CIV-A2-SSB-BRK,finish,2026-09-10,,,,,1
EV-0170,ELE-A2-CMCC2-TRM,progress,2026-09-10,,3,cables,,4
EV-0171,ELE-A2-TR2-PLC,start,2026-09-10,,,,,1
EV-0172,ELE-A3-CLVA3-CBL,progress,2026-09-10,,35,m,,1
EV-0173,INS-A1-JB102-INS,start,2026-09-10,,,,,1
EV-0174,INS-A1-PT1102-INS,start,2026-09-10,10:00,,,,1
EV-0175,INS-A2-MC1-INS,start,2026-09-10,10:00,,,,1
EV-0176,PIP-A1-1105-WLD,progress,2026-09-10,,,,,1
EV-0177,PIP-A1-PS1-PSE,progress,2026-09-10,,,,,1
EV-0178,PIP-A3-1203-WLD,start,2026-09-10,,,,,1
EV-0179,PIP-A3-1207-ERC,progress,2026-09-10,,1,spools,,1
EV-0180,PIP-A3-1211-WLD,progress,2026-09-10,,,,,1
EV-0181,PIP-A3-1213-ERC,start,2026-09-10,,,,,1
EV-0182,PIP-A3-1213-ERC,progress,2026-09-10,,2,spools,,2
EV-0183,PIP-A3-1217-WLD,progress,2026-09-10,,,,,1
EV-0184,PIP-A3-PS2-PSE,progress,2026-09-10,,,,,1
EV-0185,PIP-A4-1405-ERC,progress,2026-09-10,,1,spools,,2
EV-0186,PIP-A4-1407-HT,start,2026-09-10,,,,,1
EV-0187,SEQ-A3-E101-GRT,start,2026-09-10,,,,,1
EV-0188,CIV-A2-SSB-PLS,start,2026-09-11,,,,,1
EV-0189,CIV-A3-PR3-STL,start,2026-09-11,14:00,,,,1
EV-0190,ELE-A1-CLVA1-CBL,progress,2026-09-11,,255,m,,2
EV-0191,ELE-A2-CMCC1-TRM,progress,2026-09-11,,1,cables,,1
EV-0192,ELE-A2-CMCC2-CBL,progress,2026-09-11,,115,m,,1
EV-0193,ELE-A2-HTSWBD1-INS,finish,2026-09-11,,,,,1
EV-0194,ELE-A2-TR2-PLC,finish,2026-09-11,,,,,1
EV-0195,ELE-A3-CLVA3-CBL,hold,2026-09-11,,,,material,1
EV-0196,ELE-A4-CLVA4-CBL,start,2026-09-11,,,,,1
EV-0197,ELE-A4-CLVA4-CBL,progress,2026-09-11,,110,m,,1
EV-0198,INS-A1-FT1101-INS,start,2026-09-11,,,,,1
EV-0199,PIP-A3-1207-WLD,start,2026-09-11,,,,,1
EV-0200,PIP-A3-1211-WLD,finish,2026-09-11,,,,,0
EV-0201,PIP-A3-1215-WLD,progress,2026-09-11,,,,,1
EV-0202,PIP-A4-1405-ERC,hold,2026-09-11,,,,design,1
EV-0203,PIP-A4-1407-HT,finish,2026-09-11,,,,,1
EV-0204,SEQ-A1-V102-ERC,start,2026-09-11,,,,,1
EV-0205,CIV-A1-V101-REB,progress,2026-09-12,,,,,1
EV-0206,ELE-A2-CHTTR1-CBL,start,2026-09-12,,,,,1
EV-0207,ELE-A2-CHTTR1-CBL,progress,2026-09-12,,155,m,,1
EV-0208,ELE-A2-CMCC1-CBL,progress,2026-09-12,,125,m,,2
EV-0209,ELE-A2-MCC1-INS,finish,2026-09-12,,,,,1
EV-0210,ELE-A4-CLVA4-CBL,progress,2026-09-12,,30,m,,1
EV-0211,HSE-A3-HYD3-HYD,hold,2026-09-12,,,,permit,1
EV-0212,HSE-A4-HYD4-HYD,start,2026-09-12,,,,,1
EV-0213,INS-A1-FT1101-INS,finish,2026-09-12,,,,,2
EV-0214,INS-A1-JB102-INS,finish,2026-09-12,,,,,1
EV-0215,INS-A1-PT1102-INS,finish,2026-09-12,,,,,2
EV-0216,INS-A2-MC1-INS,progress,2026-09-12,,,,,1
EV-0217,PIP-A3-1213-WLD,start,2026-09-12,,,,,1
EV-0218,PIP-A3-1217-WLD,finish,2026-09-12,,,,,1
EV-0219,PIP-A3-PS2-PSE,progress,2026-09-12,,,,,1
EV-0220,SEQ-A1-V102-ERC,finish,2026-09-12,,,,,1
EV-0221,SEQ-A3-E101-GRT,finish,2026-09-12,,,,,1
EV-0222,CIV-A1-V101-REB,finish,2026-09-14,,,,,0
EV-0223,CIV-A2-CTS-WAL,hold,2026-09-14,,,,weather,1
EV-0224,CIV-A3-SWD3-SWD,progress,2026-09-14,,,,,1
EV-0225,ELE-A1-CLVA1-CBL,progress,2026-09-14,,145,m,,1
EV-0226,ELE-A1-ERT1-ERT,progress,2026-09-14,,,,,1
EV-0227,ELE-A2-CMCC2-CBL,progress,2026-09-14,,360,m,,3
EV-0228,ELE-A2-CMCC2-CBL,finish,2026-09-14,,,,,1
EV-0229,ELE-A2-CMCC2-TRM,progress,2026-09-14,,1,cables,,2
EV-0230,ELE-A4-CLVA4-CBL,progress,2026-09-14,,145,m,,1
EV-0231,HSE-A1-SS101-INS,start,2026-09-14,,,,,1
EV-0232,HSE-A4-HYD4-HYD,hold,2026-09-14,,,,permit,1
EV-0233,INS-A2-MC1-INS,finish,2026-09-14,,,,,1
EV-0234,INS-A3-ICB3-ICB,finish,2026-09-14,,,,,1
EV-0235,INS-A4-TT4013-INS,start,2026-09-14,,,,,1
EV-0236,PIP-A1-1104-ERC,start,2026-09-14,,,,,1
EV-0237,PIP-A1-1104-ERC,progress,2026-09-14,,1,spools,,1
EV-0238,PIP-A1-PS1-PSE,finish,2026-09-14,,,,,1
EV-0239,PIP-A3-1203-ERC,progress,2026-09-14,,2,spools,,3
EV-0240,PIP-A3-1207-ERC,progress,2026-09-14,,2,spools,,3
EV-0241,PIP-A3-1213-ERC,progress,2026-09-14,,2,spools,,3
EV-0242,PIP-A3-1215-WLD,progress,2026-09-14,,,,,1
EV-0243,PIP-A3-PS2-PSE,finish,2026-09-14,,,,,1
EV-0244,PIP-A4-1403-ERC,start,2026-09-14,,,,,1
EV-0245,PIP-A4-1403-ERC,progress,2026-09-14,,2,spools,,2
EV-0246,PIP-A4-1405-ERC,resume,2026-09-14,,,,,1
EV-0247,PIP-A4-1407-RST,start,2026-09-14,,,,,1
EV-0248,CIV-A1-V101-RCC,start,2026-09-15,08:30,,,,1
EV-0249,CIV-A3-SWD3-SWD,progress,2026-09-15,,,,,1
EV-0250,ELE-A1-CLVA1-CBL,progress,2026-09-15,,380,m,,4
EV-0251,ELE-A2-CHTTR1-CBL,progress,2026-09-15,,165,m,,1
EV-0252,ELE-A2-CMCC2-TRM,progress,2026-09-15,,2,cables,,3
EV-0253,ELE-A3-CLVA3-CBL,progress,2026-09-15,,230,m,,2
EV-0254,ELE-A3-CLVA3-CBL,resume,2026-09-15,,,,,1
EV-0255,ELE-A3-CLVA3-TRM,start,2026-09-15,08:30,,,,1
EV-0256,ELE-A3-CLVA3-TRM,progress,2026-09-15,,1,cables,,1
EV-0257,ELE-A4-CLVA4-CBL,progress,2026-09-15,,195,m,,3
EV-0258,INS-A1-FT1101-TUB,start,2026-09-15,,,,,1
EV-0259,INS-A1-ICB1-ICB,start,2026-09-15,,,,,1
EV-0260,INS-A1-PT1102-TUB,start,2026-09-15,,,,,1
EV-0261,INS-A3-PT2042-INS,start,2026-09-15,,,,,1
EV-0262,PIP-A1-1104-ERC,progress,2026-09-15,,1,spools,,1
EV-0263,PIP-A1-1105-WLD,finish,2026-09-15,,,,,1
EV-0264,PIP-A3-1211-HT,start,2026-09-15,08:30,,,,1
EV-0265,PIP-A3-1215-ERC,progress,2026-09-15,,1,spools,,1
EV-0266,PIP-A4-1405-ERC,progress,2026-09-15,,2,spools,,2
EV-0267,SEQ-A1-V102-GRT,start,2026-09-15,,,,,1
EV-0268,SEQ-A4-T401-SH1,progress,2026-09-15,,1,rings,,0
EV-0269,SEQ-A4-T401-SH1,finish,2026-09-15,,,,,1
EV-0270,CIV-A1-V101-RCC,finish,2026-09-16,,,,,1
EV-0271,CIV-A2-CTS-WAL,resume,2026-09-16,,,,,1
EV-0272,ELE-A1-CLVA1-TRM,start,2026-09-16,14:00,,,,1
EV-0273,ELE-A1-CLVA1-TRM,progress,2026-09-16,,2,cables,,2
EV-0274,ELE-A2-CHTTR2-CBL,start,2026-09-16,,,,,1
EV-0275,ELE-A2-CHTTR2-CBL,progress,2026-09-16,,185,m,,1
EV-0276,ELE-A2-CMCC1-CBL,progress,2026-09-16,,125,m,,4
EV-0277,ELE-A2-CMCC1-TRM,progress,2026-09-16,,3,cables,,4
EV-0278,HSE-A1-HYD1-HYD,progress,2026-09-16,,,,,1
EV-0279,HSE-A1-SS101-INS,finish,2026-09-16,,,,,1
EV-0280,HSE-A3-HYD3-HYD,resume,2026-09-16,,,,,1
EV-0281,HSE-A4-HYD4-HYD,resume,2026-09-16,,,,,0
EV-0282,INS-A1-FT1101-TUB,finish,2026-09-16,,,,,2
EV-0283,INS-A3-FT2033-INS,start,2026-09-16,,,,,1
EV-0284,INS-A3-PT2042-INS,finish,2026-09-16,,,,,2
EV-0285,INS-A4-ICB4-ICB,start,2026-09-16,14:00,,,,1
EV-0286,INS-A4-TT4013-INS,finish,2026-09-16,,,,,2
EV-0287,PIP-A1-1101-ERC,start,2026-09-16,,,,,1
EV-0288,PIP-A1-1101-ERC,progress,2026-09-16,,2,spools,,2
EV-0289,PIP-A1-1104-ERC,progress,2026-09-16,,1,spools,,1
EV-0290,PIP-A3-1207-ERC,progress,2026-09-16,,1,spools,,2
EV-0291,PIP-A3-1211-HT,finish,2026-09-16,,,,,1
EV-0292,PIP-A3-1215-ERC,progress,2026-09-16,,2,spools,,3
EV-0293,PIP-A3-1217-HT,start,2026-09-16,,,,,1
EV-0294,PIP-A4-1403-WLD,start,2026-09-16,,,,,1
EV-0295,PIP-A4-1405-WLD,progress,2026-09-16,,,,,1
EV-0296,PIP-A4-1407-RST,finish,2026-09-16,,,,,1
EV-0297,ROT-A1-K301-LUB,start,2026-09-16,10:00,,,,1
EV-0298,ROT-A3-P102B-SET,start,2026-09-16,,,,,0
EV-0299,ROT-A3-P102B-SET,finish,2026-09-16,,,,,1
